Workbook
Name btbl2: diets!$A$76
Name btbl4fn1: diets!$A$5
Name btbl4fn10: diets!$A$39
Name btbl4fn11: diets!$A$40
Name btbl4fn12: diets!$A$43
Name btbl4fn13: diets!$A$44
Name btbl4fn2: diets!$A$14
Name btbl4fn3: diets!$A$16
Name btbl4fn4: diets!$A$18
Name btbl4fn5: diets!$A$19
Name btbl4fn6: diets!$A$24
Name btbl4fn7: diets!$A$26
Name btbl4fn8: diets!$A$33
Name btbl4fn9: diets!$A$38

Sheet Table of Contents
A3: Diets | B3: diets
A4: Nutrient compostion tables | B4: nutrient content
A5: Enviromental Data | B5: enviro
A6: Summary of Results | B6: summary

Sheet diets
B1: Reference approach | C1: Alternative approaches | I1: coefficents used | V1: Mean American Diet | AE1: UPF | AP1: 0.8 g/kg | AY1: 1.2 g/kg | BJ1: 1.6 g/kg | BU1: 1.6 g/kg plants | CF1: 1.6 g/kg animal
A2: food groups | B2: Absolute (kcal/d) | C2: Relative (% of total energy intake) | D2: Absolute (kcal/d) | E2: Relative (% of total energy intake) | F2: mass content (g/d) | G2: protein content (g/d) | I2: caloric density (kcal/g) | J2: protein content (g protein/g) | K2: LAND Needs, loss-adjusted (m2-yr/1g) | L2: NR needs, loss-adjusted (gNr/1g) | M2: WATER SCARCITY FOOTPRINT (liter eq./g) | N2: GHGE (kgCO2eq/1g) | O2: notes on enviromental data | U2: Absolute (kcal/d) | V2: Relative (% of total energy intake) | W2: mass content (g/d) | X2: protein content (g protein/d) | Y2: LAND Needs, loss-adjusted (m2-yr/d) | Z2: NR needs, loss-adjusted (gNr/d) | AA2: WATER SCARCITY FOOTPRINT (liter eq/d) | AB2: GHGE (kgCO2eq/d) | AE2: Absolute (kcal/d) | AF2: Relative (% of total energy intake) | AG2: mass content (g/d) | AH2: protein content (g protein/d) | AI2: LAND Needs, loss-adjusted (m2-yr/d) | AJ2: NR needs, loss-adjusted (gNr/d) | AK2: WATER SCARCITY FOOTPRINT (liter eq./d) | AL2: GHGE (kgCO2eq/d) | AO2: Absolute (kcal/d) | AP2: Relative (% of total energy intake) | AQ2: mass content (g/d) | AR2: protein content (g protein/d) | AS2: LAND Needs, loss-adjusted (m2-yr/d) | AT2: NR needs, loss-adjusted (gNr/d) | AU2: WATER SCARCITY FOOTPRINT (liter eq./d) | AV2: GHGE (kgCO2eq/d) | AY2: Absolute (kcal/d) | AZ2: Relative (% of total energy intake) | BA2: mass content (g/d) | BB2: protein content (g protein/d) | BC2: LAND Needs, loss-adjusted (m2-yr/d) | BD2: NR needs, loss-adjusted (gNr/d) | BE2: WATER SCARCITY FOOTPRINT (liter eq./d) | BF2: GHGE (kgCO2eq/d) | BJ2: Absolute (kcal/d) | BK2: Relative (% of total energy intake) | BL2: mass content (g/d) | BM2: protein content (g protein/d) | BN2: LAND Needs, loss-adjusted (m2-yr/d) | BO2: NR needs, loss-adjusted (gNr/d) | BP2: WATER SCARCITY FOOTPRINT (liter eq/d) | BQ2: GHGE (kgCO2eq/d) | BU2: Absolute (kcal/d) | BV2: Relative (% of total energy intake) | BW2: mass content (g/d) | BX2: protein content (g protein/d) | BY2: LAND Needs, loss-adjusted (m2-yr/d) | BZ2: NR needs, loss-adjusted (gNr/d) | CA2: WATER SCARCITY FOOTPRINT (liter eq/d) | CB2: GHGE (kgCO2eq/d) | CF2: Absolute (kcal/d) | CG2: Relative (% of total energy intake) | CH2: mass content (g/d) | CI2: protein content (g protein/d) | CJ2: LAND Needs, loss-adjusted (m2-yr/d) | CK2: NR needs, loss-adjusted (gNr/d) | CL2: WATER SCARCITY FOOTPRINT (liter eq/d) | CM2: GHGE (kgCO2eq/d)
A3: Unprocessed or minimally processed foods | B3: 547 | C3: 27.6 | D3: 510.6 (11.5) | E3: 26.0 (0.6)
A4: Meat (includes poultry) | B4: 136.2 | C4: 6.5 | D4: 125.3 (5.4) | E4: 6.0 (0.2) | F4: =B4/I4 -> 72.466081 | G4: =F4*J4 -> 14.393575 | I4: =0.5*'nutrient content'!L189/100+0.5*'nutrient content'!L190/100 -> 1.8795 | J4: =0.5*'nutrient content'!M189/100+0.5*'nutrient content'!M190/100 -> 0.198625 | K4: =AVERAGE(enviro!AD18,enviro!AD19) -> 0.1771852 | L4: =AVERAGE(enviro!AE18,enviro!AE19) -> 0.29670449 | M4: =AVERAGE(enviro!AF18,enviro!AF19) -> 6.8195412 | N4: =AVERAGE(enviro!AG18,enviro!AG19) -> 0.013680883 | O4: assume 50% poultry and 50% meat | U4: =B4 -> 136.2 | W4: =U4/I4 -> 72.466081 | X4: =W4*J4 -> 14.393575 | Y4: =$W4*K4 -> 12.839917 | Z4: =$W4*L4 -> 21.501012 | AA4: =$W4*M4 -> 494.18543 | AB4: =$W4*N4 -> 0.99139996 | AE4: 0 | AG4: =AE4/I4 -> 0 | AH4: =AG4*J4 -> 0 | AI4: =$AG4*K4 -> 0 | AJ4: =$AG4*L4 -> 0 | AK4: =$AG4*M4 -> 0 | AL4: =$AG4*N4 -> 0 | AO4: =AQ4*I4 -> 147.00771 | AQ4: 78.216393 | AR4: =AQ4*J4 -> 15.535731 | AS4: =AQ4*K4 -> 13.858787 | AT4: =AQ4*L4 -> 23.207155 | AU4: =AQ4*M4 -> 533.39991 | AV4: =AQ4*N4 -> 1.0700693 | AY4: =BA4*I4 -> 175.29214 | BA4: 93.265302 | BB4: =BA4*J4 -> 18.524821 | BC4: =BA4*K4 -> 16.525231 | BD4: =BA4*L4 -> 27.672234 | BE4: =BA4*M4 -> 636.02657 | BF4: =BA4*N4 -> 1.2759517 | BJ4: =BL4*I4 -> 212.1985 | BL4: 112.90157 | BM4: =BL4*J4 -> 22.425074 | BN4: =BL4*K4 -> 20.004486 | BO4: =BL4*L4 -> 33.498402 | BP4: =BL4*M4 -> 769.9369 | BQ4: =BL4*N4 -> 1.5445931 | BU4: =BW4*I4 -> 69.5415 | BW4: 37 | BX4: =BW4*J4 -> 7.349125 | BY4: =BW4*K4 -> 6.5558522 | BZ4: =BW4*L4 -> 10.978066 | CA4: =BW4*M4 -> 252.32302 | CB4: =BW4*N4 -> 0.50619266 | CF4: =CH4*I4 -> 231.26566 | CH4: 123.04638 | CI4: =CH4*J4 -> 24.440086 | CJ4: =CH4*K4 -> 21.801996 | CK4: =CH4*L4 -> 36.508412 | CL4: =CH4*M4 -> 839.11983 | CM4: =CH4*N4 -> 1.683383
A5: Fruit | B5: 82.9 | C5: 4.4 | D5: 82.9 (3.2) | E5: 4.4 (0.2) | F5: =B5/I5 -> 95.749916 | G5: =F5*J5 -> 0.95888684 | I5: ='nutrient content'!$B$153/100 -> 0.8657971 | J5: ='nutrient content'!C153/100 -> 0.010014493 | K5: =enviro!AD11 -> 0.0023035092 | L5: =enviro!AE11 -> 0.026136647 | M5: =enviro!AF11 -> 2.6729545 | N5: =enviro!AG11 -> 0.0006384849 | U5: =B5 -> 82.9 | W5: =U5/I5 -> 95.749916 | X5: =W5*J5 -> 0.95888684 | Y5: =$W5*K5 -> 0.22056081 | Z5: =$W5*L5 -> 2.5025818 | AA5: =$W5*M5 -> 255.93517 | AB5: =$W5*N5 -> 0.061134876 | AE5: 0 | AG5: =AE5/I5 -> 0 | AH5: =AG5*J5 -> 0 | AI5: =$AG5*K5 -> 0 | AJ5: =$AG5*L5 -> 0 | AK5: =$AG5*M5 -> 0 | AL5: =$AG5*N5 -> 0 | AO5: =AQ5*I5 -> 88.510088 | AQ5: 102.2296 | AR5: =AQ5*J5 -> 1.0237775 | AS5: =AQ5*K5 -> 0.23548681 | AT5: =AQ5*L5 -> 2.6719389 | AU5: =AQ5*M5 -> 273.25506 | AV5: =AQ5*N5 -> 0.065272053 | AY5: =BA5*I5 -> 88.65874 | BA5: 102.40129 | BB5: =BA5*J5 -> 1.025497 | BC5: =BA5*K5 -> 0.23588231 | BD5: =BA5*L5 -> 2.6764264 | BE5: =BA5*M5 -> 273.71399 | BF5: =BA5*N5 -> 0.065381677 | BJ5: =BL5*I5 -> 88.539352 | BL5: 102.2634 | BM5: =BL5*J5 -> 1.024116 | BN5: =BL5*K5 -> 0.23556467 | BO5: =BL5*L5 -> 2.6728223 | BP5: =BL5*M5 -> 273.34541 | BQ5: =BL5*N5 -> 0.065293634 | BU5: =BW5*I5 -> 91.558043 | BW5: 105.75 | BX5: =BW5*J5 -> 1.0590326 | BY5: =BW5*K5 -> 0.2435961 | BZ5: =BW5*L5 -> 2.7639505 | CA5: =BW5*M5 -> 282.66494 | CB5: =BW5*N5 -> 0.067519778 | CF5: =CH5*I5 -> 8.657971 | CH5: 10 | CI5: =CH5*J5 -> 0.10014493 | CJ5: =CH5*K5 -> 0.023035092 | CK5: =CH5*L5 -> 0.26136647 | CL5: =CH5*M5 -> 26.729545 | CM5: =CH5*N5 -> 0.006384849
A6: Milk and plain yogurt | B6: 70.7 | C6: 3.7 | D6: 70.7 (2.8) | E6: 3.7 (0.2) | F6: =B6/I6 -> 46.085123 | G6: =F6*J6 -> 4.3347124 | I6: ='nutrient content'!L210/100 -> 1.5341176 | J6: ='nutrient content'!M210/100 -> 0.094058824 | K6: =enviro!AD8 -> 0.020793191 | L6: =enviro!AE8 -> 0.061135714 | M6: =enviro!AF8 -> 8.6341785 | N6: =enviro!AG8 -> 0.0038352347 | U6: =B6 -> 70.7 | W6: =U6/I6 -> 46.085123 | X6: =W6*J6 -> 4.3347124 | Y6: =$W6*K6 -> 0.95825676 | Z6: =$W6*L6 -> 2.8174469 | AA6: =$W6*M6 -> 397.90718 | AB6: =$W6*N6 -> 0.17674726 | AE6: 0 | AG6: =AE6/I6 -> 0 | AH6: =AG6*J6 -> 0 | AI6: =$AG6*K6 -> 0 | AJ6: =$AG6*L6 -> 0 | AK6: =$AG6*M6 -> 0 | AL6: =$AG6*N6 -> 0 | AO6: =AQ6*I6 -> 80.238424 | AQ6: 52.302654 | AR6: =AQ6*J6 -> 4.9195261 | AS6: =AQ6*K6 -> 1.0875391 | AT6: =AQ6*L6 -> 3.1975601 | AU6: =AQ6*M6 -> 451.59045 | AV6: =AQ6*N6 -> 0.20059295 | AY6: =BA6*I6 -> 91.723163 | BA6: 59.788872 | BB6: =BA6*J6 -> 5.6236709 | BC6: =BA6*K6 -> 1.2432014 | BD6: =BA6*L6 -> 3.6552353 | BE6: =BA6*M6 -> 516.22779 | BF6: =BA6*N6 -> 0.22930435 | BJ6: =BL6*I6 -> 102.68415 | BL6: 66.933685 | BM6: =BL6*J6 -> 6.2957036 | BN6: =BL6*K6 -> 1.3917649 | BO6: =BL6*L6 -> 4.0920386 | BP6: =BL6*M6 -> 577.91738 | BQ6: =BL6*N6 -> 0.25670639 | BU6: =BW6*I6 -> 56.762353 | BW6: 37 | BX6: =BW6*J6 -> 3.4801765 | BY6: =BW6*K6 -> 0.76934807 | BZ6: =BW6*L6 -> 2.2620214 | CA6: =BW6*M6 -> 319.46461 | CB6: =BW6*N6 -> 0.14190368 | CF6: =CH6*I6 -> 111.02983 | CH6: 72.373741 | CI6: =CH6*J6 -> 6.8073889 | CJ6: =CH6*K6 -> 1.504881 | CK6: =CH6*L6 -> 4.4246203 | CL6: =CH6*M6 -> 624.8878 | CM6: =CH6*N6 -> 0.27757028
A7: Grains | B7: 59.3 | C7: 3 | D7: 48.4 (4.1) | E7: 2.6 (0.2) | F7: =B7/I7 -> 16.872737 | G7: =F7*J7 -> 2.4020641 | I7: ='nutrient content'!B44/100 -> 3.5145455 | J7: ='nutrient content'!C44/100 -> 0.14236364 | K7: =enviro!AD13 -> 0.0058084261 | L7: =enviro!AE13 -> 0.095654114 | M7: =enviro!AF13 -> 0.92625253 | N7: =enviro!AG13 -> 0.00044056356 | U7: =B7 -> 59.3 | W7: =U7/I7 -> 16.872737 | X7: =W7*J7 -> 2.4020641 | Y7: =$W7*K7 -> 0.098004045 | Z7: =$W7*L7 -> 1.6139467 | AA7: =$W7*M7 -> 15.628415 | AB7: =$W7*N7 -> 0.0074335129 | AE7: 0 | AG7: =AE7/I7 -> 0 | AH7: =AG7*J7 -> 0 | AI7: =$AG7*K7 -> 0 | AJ7: =$AG7*L7 -> 0 | AK7: =$AG7*M7 -> 0 | AL7: =$AG7*N7 -> 0 | AO7: =AQ7*I7 -> 80.704278 | AQ7: 22.962935 | AR7: =AQ7*J7 -> 3.2690869 | AS7: =AQ7*K7 -> 0.13337851 | AT7: =AQ7*L7 -> 2.1964992 | AU7: =AQ7*M7 -> 21.269476 | AV7: =AQ7*N7 -> 0.010116632 | AY7: =BA7*I7 -> 159.38768 | BA7: 45.350867 | BB7: =BA7*J7 -> 6.4563144 | BC7: =BA7*K7 -> 0.26341716 | BD7: =BA7*L7 -> 4.337997 | BE7: =BA7*M7 -> 42.006355 | BF7: =BA7*N7 -> 0.01997994 | BJ7: =BL7*I7 -> 188.62767 | BL7: 53.670573 | BM7: =BL7*J7 -> 7.6407379 | BN7: =BL7*K7 -> 0.31174156 | BO7: =BL7*L7 -> 5.1338111 | BP7: =BL7*M7 -> 49.712503 | BQ7: =BL7*N7 -> 0.023645299 | BU7: =BW7*I7 -> 358.30535 | BW7: 101.94927 | BX7: =BW7*J7 -> 14.513869 | BY7: =BW7*K7 -> 0.59216481 | BZ7: =BW7*L7 -> 9.7518673 | CA7: =BW7*M7 -> 94.43077 | CB7: =BW7*N7 -> 0.044915134 | CF7: =CH7*I7 -> 164.15826 | CH7: 46.708247 | CI7: =CH7*J7 -> 6.6495559 | CJ7: =CH7*K7 -> 0.2713014 | CK7: =CH7*L7 -> 4.467836 | CL7: =CH7*M7 -> 43.263632 | CM7: =CH7*N7 -> 0.020577951
A8: Roots and tubers | B8: 32.4 | C8: 1.6 | D8: 29.1 (1.4) | E8: 1.5 (0.1) | F8: =B8/I8 -> 14.959261 | G8: =F8*J8 -> 0.31062466 | I8: ='nutrient content'!G37/100 -> 2.1658824 | J8: ='nutrient content'!H37/100 -> 0.020764706 | K8: =AVERAGE(enviro!R281,enviro!R252) -> 0.0014733495 | L8: =AVERAGE(enviro!S281,enviro!S252) -> 0.014826503 | M8: =AVERAGE(enviro!T281,enviro!T252) -> 0.59340217 | N8: =AVERAGE(enviro!U281,enviro!U252) -> 0.0005814204 | O8: average of sweet potato and potato | U8: =B8 -> 32.4 | W8: =U8/I8 -> 14.959261 | X8: =W8*J8 -> 0.31062466 | Y8: =$W8*K8 -> 0.02204022 | Z8: =$W8*L8 -> 0.22179353 | AA8: =$W8*M8 -> 8.876858 | AB8: =$W8*N8 -> 0.0086976196 | AE8: 0 | AG8: =AE8/I8 -> 0 | AH8: =AG8*J8 -> 0 | AI8: =$AG8*K8 -> 0 | AJ8: =$AG8*L8 -> 0 | AK8: =$AG8*M8 -> 0 | AL8: =$AG8*N8 -> 0 | AO8: =AQ8*I8 -> 47.487442 | AQ8: 21.925218 | AR8: =AQ8*J8 -> 0.4552707 | AS8: =AQ8*K8 -> 0.032303509 | AT8: =AQ8*L8 -> 0.32507431 | AU8: =AQ8*M8 -> 13.010472 | AV8: =AQ8*N8 -> 0.012747769 | AY8: =BA8*I8 -> 64.149611 | BA8: 29.618235 | BB8: =BA8*J8 -> 0.61501393 | BC8: =BA8*K8 -> 0.043638011 | BD8: =BA8*L8 -> 0.43913484 | BE8: =BA8*M8 -> 17.575524 | BF8: =BA8*N8 -> 0.017220646 | BJ8: =BL8*I8 -> 57.786711 | BL8: 26.680448 | BM8: =BL8*J8 -> 0.55401165 | BN8: =BL8*K8 -> 0.039309625 | BO8: =BL8*L8 -> 0.39557774 | BP8: =BL8*M8 -> 15.832236 | BQ8: =BL8*N8 -> 0.015512557 | BU8: =BW8*I8 -> 65.327437 | BW8: 30.162043 | BX8: =BW8*J8 -> 0.62630595 | BY8: =BW8*K8 -> 0.044439231 | BZ8: =BW8*L8 -> 0.44719762 | CA8: =BW8*M8 -> 17.898222 | CB8: =BW8*N8 -> 0.017536827 | CF8: =CH8*I8 -> 33.07318 | CH8: 15.270072 | CI8: =CH8*J8 -> 0.31707856 | CJ8: =CH8*K8 -> 0.022498153 | CK8: =CH8*L8 -> 0.22640177 | CL8: =CH8*M8 -> 9.0612938 | CM8: =CH8*N8 -> 0.0088783313
A9: Eggs | B9: 33.3 | C9: 1.7 | D9: 33.3 (1.6) | E9: 1.7 (0.1) | F9: =B9/I9 -> 15.095195 | G9: =F9*J9 -> 2.7171351 | I9: ='nutrient content'!B208/100 -> 2.206 | J9: ='nutrient content'!C208/100 -> 0.18 | K9: =enviro!AD9 -> 0.0040165275 | L9: =enviro!AE9 -> 0.032725331 | M9: =enviro!AF9 -> 1.033 | N9: =enviro!AG9 -> 0.0020392735 | U9: =B9 -> 33.3 | W9: =U9/I9 -> 15.095195 | X9: =W9*J9 -> 2.7171351 | Y9: =$W9*K9 -> 0.060630266 | Z9: =$W9*L9 -> 0.49399525 | AA9: =$W9*M9 -> 15.593336 | AB9: =$W9*N9 -> 0.030783231 | AE9: 0 | AG9: =AE9/I9 -> 0 | AH9: =AG9*J9 -> 0 | AI9: =$AG9*K9 -> 0 | AJ9: =$AG9*L9 -> 0 | AK9: =$AG9*M9 -> 0 | AL9: =$AG9*N9 -> 0 | AO9: =AQ9*I9 -> 46.142925 | AQ9: 20.917011 | AR9: =AQ9*J9 -> 3.7650619 | AS9: =AQ9*K9 -> 0.084013749 | AT9: =AQ9*L9 -> 0.6845161 | AU9: =AQ9*M9 -> 21.607272 | AV9: =AQ9*N9 -> 0.042655505 | AY9: =BA9*I9 -> 81.849755 | BA9: 37.103243 | BB9: =BA9*J9 -> 6.6785838 | BC9: =BA9*K9 -> 0.1490262 | BD9: =BA9*L9 -> 1.2142159 | BE9: =BA9*M9 -> 38.32765 | BF9: =BA9*N9 -> 0.075663661 | BJ9: =BL9*I9 -> 118.00972 | BL9: 53.494888 | BM9: =BL9*J9 -> 9.6290799 | BN9: =BL9*K9 -> 0.21486369 | BO9: =BL9*L9 -> 1.7506379 | BP9: =BL9*M9 -> 55.26022 | BQ9: =BL9*N9 -> 0.10909071 | BU9: =BW9*I9 -> 81.622 | BW9: 37 | BX9: =BW9*J9 -> 6.66 | BY9: =BW9*K9 -> 0.14861152 | BZ9: =BW9*L9 -> 1.2108373 | CA9: =BW9*M9 -> 38.221 | CB9: =BW9*N9 -> 0.075453119 | CF9: =CH9*I9 -> 139.61284 | CH9: 63.28778 | CI9: =CH9*J9 -> 11.3918 | CJ9: =CH9*K9 -> 0.25419711 | CK9: =CH9*L9 -> 2.0711136 | CL9: =CH9*M9 -> 65.376277 | CM9: =CH9*N9 -> 0.12906109
A10: Pasta | B10: 38.4 | C10: 1.9 | D10: 35.8 (2.9) | E10: 1.8 (0.2) | F10: =B10/I10 -> 10.926022 | G10: =F10*J10 -> 1.5554682 | I10: ='nutrient content'!B44/100 -> 3.5145455 | J10: ='nutrient content'!C44/100 -> 0.14236364 | K10: =enviro!AD12 -> 0.0078441205 | L10: =enviro!AE12 -> 0.14199297 | M10: =enviro!AF12 -> 1.6622894 | N10: =enviro!AG12 -> 0.0011137228 | O10: assumed refined grains | U10: =B10 -> 38.4 | W10: =U10/I10 -> 10.926022 | X10: =W10*J10 -> 1.5554682 | Y10: =$W10*K10 -> 0.085705031 | Z10: =$W10*L10 -> 1.5514183 | AA10: =$W10*M10 -> 18.16221 | AB10: =$W10*N10 -> 0.01216856 | AE10: 0 | AG10: =AE10/I10 -> 0 | AH10: =AG10*J10 -> 0 | AI10: =$AG10*K10 -> 0 | AJ10: =$AG10*L10 -> 0 | AK10: =$AG10*M10 -> 0 | AL10: =$AG10*N10 -> 0 | AO10: =AQ10*I10 -> 59.449641 | AQ10: 16.915314 | AR10: =AQ10*J10 -> 2.4081256 | AS10: =AQ10*K10 -> 0.13268576 | AT10: =AQ10*L10 -> 2.4018557 | AU10: =AQ10*M10 -> 28.118147 | AV10: =AQ10*N10 -> 0.018838971 | AY10: =BA10*I10 -> 138.51128 | BA10: 39.410867 | BB10: =BA10*J10 -> 5.6106744 | BC10: =BA10*K10 -> 0.30914359 | BD10: =BA10*L10 -> 5.5960661 | BE10: =BA10*M10 -> 65.512266 | BF10: =BA10*N10 -> 0.043892782 | BJ10: =BL10*I10 -> 167.75127 | BL10: 47.730573 | BM10: =BL10*J10 -> 6.7950979 | BN10: =BL10*K10 -> 0.37440436 | BO10: =BL10*L10 -> 6.7774058 | BP10: =BL10*M10 -> 79.342024 | BQ10: =BL10*N10 -> 0.053158627 | BU10: =BW10*I10 -> 337.42895 | BW10: 96.009272 | BX10: =BW10*J10 -> 13.668229 | BY10: =BW10*K10 -> 0.7531083 | BZ10: =BW10*L10 -> 13.632642 | CA10: =BW10*M10 -> 159.59519 | CB10: =BW10*N10 -> 0.10692772 | CF10: =CH10*I10 -> 164.15826 | CH10: 46.708247 | CI10: =CH10*J10 -> 6.6495559 | CJ10: =CH10*K10 -> 0.36638512 | CK10: =CH10*L10 -> 6.6322427 | CL10: =CH10*M10 -> 77.642623 | CM10: =CH10*N10 -> 0.05202004
A11: Legumes | B11: 16.6 | C11: 0.8 | D11: 15.2 (1.6) | E11: 0.7 (0.1) | F11: =B11/I11 -> 4.7666906 | G11: =F11*J11 -> 1.1511558 | I11: ='nutrient content'!B74/100 -> 3.4825 | J11: ='nutrient content'!C74/100 -> 0.2415 | K11: =enviro!AD14 -> 0.005444405 | L11: =enviro!AE14 -> 0.036540476 | M11: =enviro!AF14 -> 1.0084882 | N11: =enviro!AG14 -> 0.00062807097 | U11: =B11 -> 16.6 | W11: =U11/I11 -> 4.7666906 | X11: =W11*J11 -> 1.1511558 | Y11: =$W11*K11 -> 0.025951794 | Z11: =$W11*L11 -> 0.17417714 | AA11: =$W11*M11 -> 4.8071512 | AB11: =$W11*N11 -> 0.00299382 | AE11: 0 | AG11: =AE11/I11 -> 0 | AH11: =AG11*J11 -> 0 | AI11: =$AG11*K11 -> 0 | AJ11: =$AG11*L11 -> 0 | AK11: =$AG11*M11 -> 0 | AL11: =$AG11*N11 -> 0 | AO11: =AQ11*I11 -> 36.335328 | AQ11: 10.433691 | AR11: =AQ11*J11 -> 2.5197363 | AS11: =AQ11*K11 -> 0.056805238 | AT11: =AQ11*L11 -> 0.38125202 | AU11: =AQ11*M11 -> 10.522254 | AV11: =AQ11*N11 -> 0.0065530983 | AY11: =BA11*I11 -> 130.56743 | BA11: 37.492442 | BB11: =BA11*J11 -> 9.0544248 | BC11: =BA11*K11 -> 0.20412404 | BD11: =BA11*L11 -> 1.3699917 | BE11: =BA11*M11 -> 37.810685 | BF11: =BA11*N11 -> 0.023547915 | BJ11: =BL11*I11 -> 202.08618 | BL11: 58.029055 | BM11: =BL11*J11 -> 14.014017 | BN11: =BL11*K11 -> 0.31593368 | BO11: =BL11*L11 -> 2.1204093 | BP11: =BL11*M11 -> 58.521617 | BQ11: =BL11*N11 -> 0.036446365 | BU11: =BW11*I11 -> 337.00152 | BW11: 96.77 | BX11: =BW11*J11 -> 23.369955 | BY11: =BW11*K11 -> 0.52685507 | BZ11: =BW11*L11 -> 3.5360218 | CA11: =BW11*M11 -> 97.591403 | CB11: =BW11*N11 -> 0.060778428 | CF11: =CH11*I11 -> 233.322 | CH11: 66.998422 | CI11: =CH11*J11 -> 16.180119 | CJ11: =CH11*K11 -> 0.36476654 | CK11: =CH11*L11 -> 2.4481542 | CL11: =CH11*M11 -> 67.567118 | CM11: =CH11*N11 -> 0.042079764
A12: Fish and sea food | B12: 13.8 | C12: 0.7 | D12: 13.8 (1.1) | E12: 0.7 (0.1) | F12: =B12/I12 -> 9.4174994 | G12: =F12*J12 -> 2.0311528 | I12: ='nutrient content'!B238/100 -> 1.4653571 | J12: ='nutrient content'!C238/100 -> 0.21567857 | K12: =enviro!AD10 -> 0.0022558557 | L12: =enviro!AE10 -> 9.6747447e-05 | M12: =enviro!AF10 -> 0.48611712 | N12: =enviro!AG10 -> 0.0092764998 | U12: =B12 -> 13.8 | W12: =U12/I12 -> 9.4174994 | X12: =W12*J12 -> 2.0311528 | Y12: =$W12*K12 -> 0.02124452 | Z12: =$W12*L12 -> 0.00091111903 | AA12: =$W12*M12 -> 4.5780077 | AB12: =$W12*N12 -> 0.087361431 | AE12: 0 | AG12: =AE12/I12 -> 0 | AH12: =AG12*J12 -> 0 | AI12: =$AG12*K12 -> 0 | AJ12: =$AG12*L12 -> 0 | AK12: =$AG12*M12 -> 0 | AL12: =$AG12*N12 -> 0 | AO12: =AQ12*I12 -> 22.233947 | AQ12: 15.173057 | AR12: =AQ12*J12 -> 3.2725032 | AS12: =AQ12*K12 -> 0.034228227 | AT12: =AQ12*L12 -> 0.0014679545 | AU12: =AQ12*M12 -> 7.3758827 | AV12: =AQ12*N12 -> 0.14075286 | AY12: =BA12*I12 -> 41.762155 | BA12: 28.499643 | BB12: =BA12*J12 -> 6.1467623 | BC12: =BA12*K12 -> 0.064291083 | BD12: =BA12*L12 -> 0.0027572677 | BE12: =BA12*M12 -> 13.854164 | BF12: =BA12*N12 -> 0.26437693 | BJ12: =BL12*I12 -> 75.58073 | BL12: 51.578368 | BM12: =BL12*J12 -> 11.124349 | BN12: =BL12*K12 -> 0.11635336 | BO12: =BL12*L12 -> 0.0049900755 | BP12: =BL12*M12 -> 25.073128 | BQ12: =BL12*N12 -> 0.47846672 | BU12: =BW12*I12 -> 54.218214 | BW12: 37 | BX12: =BW12*J12 -> 7.9801071 | BY12: =BW12*K12 -> 0.083466662 | BZ12: =BW12*L12 -> 0.0035796556 | CA12: =BW12*M12 -> 17.986333 | CB12: =BW12*N12 -> 0.34323049 | CF12: =CH12*I12 -> 90.812233 | CH12: 61.972764 | CI12: =CH12*J12 -> 13.366197 | CJ12: =CH12*K12 -> 0.13980162 | CK12: =CH12*L12 -> 0.0059957068 | CL12: =CH12*M12 -> 30.126022 | CM12: =CH12*N12 -> 0.57489033
A13: Vegetables | B13: 17.3 | C13: 0.9 | D13: 13.0 (0.9) | E13: 0.7 (0.0) | F13: =B13/I13 -> 32.67018 | G13: =F13*J13 -> 0.77268775 | I13: ='nutrient content'!B125/100 -> 0.52953488 | J13: ='nutrient content'!C125/100 -> 0.023651163 | K13: =enviro!AD22 -> 0.0012712095 | L13: =enviro!AE22 -> 0.022446556 | M13: =enviro!AF22 -> 1.4468796 | N13: =enviro!AG22 -> 0.00069335678 | U13: =B13 -> 17.3 | W13: =U13/I13 -> 32.67018 | X13: =W13*J13 -> 0.77268775 | Y13: =$W13*K13 -> 0.041530643 | Z13: =$W13*L13 -> 0.73333303 | AA13: =$W13*M13 -> 47.269816 | AB13: =$W13*N13 -> 0.022652091 | AE13: 0 | AG13: =AE13/I13 -> 0 | AH13: =AG13*J13 -> 0 | AI13: =$AG13*K13 -> 0 | AJ13: =$AG13*L13 -> 0 | AK13: =$AG13*M13 -> 0 | AL13: =$AG13*N13 -> 0 | AO13: =AQ13*I13 -> 20.716725 | AQ13: 39.122494 | AR13: =AQ13*J13 -> 0.92529248 | AS13: =AQ13*K13 -> 0.049732885 | AT13: =AQ13*L13 -> 0.87816526 | AU13: =AQ13*M13 -> 56.605537 | AV13: =AQ13*N13 -> 0.027125847 | AY13: =BA13*I13 -> 20.724406 | BA13: 39.136998 | BB13: =BA13*J13 -> 0.92563551 | BC13: =BA13*K13 -> 0.049751323 | BD13: =BA13*L13 -> 0.87849082 | BE13: =BA13*M13 -> 56.626523 | BF13: =BA13*N13 -> 0.027135903 | BJ13: =BL13*I13 -> 20.765143 | BL13: 39.213928 | BM13: =BL13*J13 -> 0.92745501 | BN13: =BL13*K13 -> 0.049849118 | BO13: =BL13*L13 -> 0.88021764 | BP13: =BL13*M13 -> 56.737832 | BQ13: =BL13*N13 -> 0.027189243 | BU13: =BW13*I13 -> 23.763604 | BW13: 44.876371 | BX13: =BW13*J13 -> 1.0613784 | BY13: =BW13*K13 -> 0.057047268 | BZ13: =BW13*L13 -> 1.00732 | CA13: =BW13*M13 -> 64.930704 | CB13: =BW13*N13 -> 0.031115336 | CF13: =CH13*I13 -> 5.2953488 | CH13: 10 | CI13: =CH13*J13 -> 0.23651163 | CJ13: =CH13*K13 -> 0.012712095 | CK13: =CH13*L13 -> 0.22446556 | CL13: =CH13*M13 -> 14.468796 | CM13: =CH13*N13 -> 0.0069335678
A14: Other unprocessed or minimally processed foods | B14: 46 | C14: 2.2 | D14: 43.0 (3.2) | E14: 2.1 (0.2) | F14: =B14/I14 -> 21.741411 | G14: =F14*J14 -> 2.7590287 | I14: =AVERAGE(I4:I13) -> 2.115778 | J14: =AVERAGE(J4:J13) -> 0.126902 | K14: =AVERAGE(K4:K13) -> 0.022839579 | L14: =AVERAGE(L4:L13) -> 0.072825954 | M14: =AVERAGE(M4:M13) -> 2.5283103 | N14: =AVERAGE(N4:N13) -> 0.003292751 | O14: assumed average of the category | U14: =B14 -> 46 | W14: =U14/I14 -> 21.741411 | X14: =W14*J14 -> 2.7590287 | Y14: =$W14*K14 -> 0.49656468 | Z14: =$W14*L14 -> 1.583339 | AA14: =$W14*M14 -> 54.969035 | AB14: =$W14*N14 -> 0.071589054 | AE14: 0 | AG14: =AE14/I14 -> 0 | AH14: =AG14*J14 -> 0 | AI14: =$AG14*K14 -> 0 | AJ14: =$AG14*L14 -> 0 | AK14: =$AG14*M14 -> 0 | AL14: =$AG14*N14 -> 0 | AO14: =AQ14*I14 -> 58.900173 | AQ14: 27.838541 | AR14: =AQ14*J14 -> 3.5327666 | AS14: =AQ14*K14 -> 0.63582056 | AT14: =AQ14*L14 -> 2.0273683 | AU14: =AQ14*M14 -> 70.384471 | AV14: =AQ14*N14 -> 0.091665385 | AY14: =BA14*I14 -> 86.653966 | BA14: 40.956077 | BB14: =BA14*J14 -> 5.1974082 | BC14: =BA14*K14 -> 0.93541955 | BD14: =BA14*L14 -> 2.9826654 | BE14: =BA14*M14 -> 103.54967 | BF14: =BA14*N14 -> 0.13485816 | BJ14: =BL14*I14 -> 108.9603 | BL14: 51.498929 | BM14: =BL14*J14 -> 6.5353172 | BN14: =BL14*K14 -> 1.1762139 | BO14: =BL14*L14 -> 3.7504587 | BP14: =BL14*M14 -> 130.20527 | BQ14: =BL14*N14 -> 0.16957315 | BU14: =BW14*I14 -> 208.74504 | BW14: 98.661128 | BX14: =BW14*J14 -> 12.520295 | BY14: =BW14*K14 -> 2.2533786 | BZ14: =BW14*L14 -> 7.1850908 | CA14: =BW14*M14 -> 249.44595 | CB14: =BW14*N14 -> 0.32486653 | CF14: =CH14*I14 -> 79.34521 | CH14: 37.501671 | CI14: =CH14*J14 -> 4.7590371 | CJ14: =CH14*K14 -> 0.85652237 | CK14: =CH14*L14 -> 2.731095 | CL14: =CH14*M14 -> 94.815861 | CM14: =CH14*N14 -> 0.12348366
A15: Processed culinary ingredients | B15: 108.3 | C15: 5.2 | D15: 108.3 (3.1) | E15: 5.2 (0.1) | G15: =F15*J15 -> 0 | X15: =W15*J15 -> 0 | Y15: =$W15*K15 -> 0 | Z15: =$W15*L15 -> 0 | AA15: =$W15*M15 -> 0 | AB15: =$W15*N15 -> 0 | AE15: 0 | AH15: =AG15*J15 -> 0 | AI15: =$AG15*K15 -> 0 | AJ15: =$AG15*L15 -> 0 | AK15: =$AG15*M15 -> 0 | AL15: =$AG15*N15 -> 0 | AO15: =AQ15*I15 -> 0 | AY15: =BA15*I15 -> 0 | BB15: =BA15*J15 -> 0 | BC15: =BA15*K15 -> 0 | BD15: =BA15*L15 -> 0 | BE15: =BA15*M15 -> 0 | BF15: =BA15*N15 -> 0 | BJ15: =BL15*I15 -> 0 | BM15: =BL15*J15 -> 0 | BN15: =BL15*K15 -> 0 | BO15: =BL15*L15 -> 0 | BP15: =BL15*M15 -> 0 | BQ15: =BL15*N15 -> 0 | BU15: =BW15*I15 -> 0 | BX15: =BW15*J15 -> 0 | BY15: =BW15*K15 -> 0 | BZ15: =BW15*L15 -> 0 | CA15: =BW15*M15 -> 0 | CB15: =BW15*N15 -> 0 | CF15: =CH15*I15 -> 0 | CI15: =CH15*J15 -> 0 | CJ15: =CH15*K15 -> 0 | CK15: =CH15*L15 -> 0 | CL15: =CH15*M15 -> 0 | CM15: =CH15*N15 -> 0
A16: Table sugar | B16: 21 | C16: 1 | D16: 21.0 (1.0) | E16: 1.0 (0.1) | F16: =B16/I16 -> 5.4263566 | G16: =F16*J16 -> 0 | I16: ='nutrient content'!G43/100 -> 3.87 | J16: ='nutrient content'!H43/100 -> 0 | K16: =enviro!R248 -> 0.00030104467 | L16: =enviro!S248 -> 0.0125 | M16: =enviro!T248 -> 1.023 | N16: =enviro!U248 -> 0.0004008408 | O16: assumed as sugar, enviro row 248 | U16: =B16*$U$46 -> 32.424 | W16: =U16/I16 -> 8.3782946 | X16: =W16*J16 -> 0 | Y16: =$W16*K16 -> 0.0025222409 | Z16: =$W16*L16 -> 0.10472868 | AA16: =$W16*M16 -> 8.5709953 | AB16: =$W16*N16 -> 0.0033583623 | AE16: 0 | AG16: =AE16/I16 -> 0 | AH16: =AG16*J16 -> 0 | AI16: =$AG16*K16 -> 0 | AJ16: =$AG16*L16 -> 0 | AK16: =$AG16*M16 -> 0 | AL16: =$AG16*N16 -> 0 | AO16: =AQ16*I16 -> 279.26798 | AQ16: 72.162268 | AR16: =AQ16*J16 -> 0 | AS16: =AQ16*K16 -> 0.021724066 | AT16: =AQ16*L16 -> 0.90202835 | AU16: =AQ16*M16 -> 73.822 | AV16: =AQ16*N16 -> 0.028925581 | AY16: =BA16*I16 -> 116.06455 | BA16: 29.99084 | BB16: =BA16*J16 -> 0 | BC16: =BA16*K16 -> 0.0090285826 | BD16: =BA16*L16 -> 0.3748855 | BE16: =BA16*M16 -> 30.68063 | BF16: =BA16*N16 -> 0.012021553 | BJ16: =BL16*I16 -> 79.027229 | BL16: 20.420473 | BM16: =BL16*J16 -> 0 | BN16: =BL16*K16 -> 0.0061474744 | BO16: =BL16*L16 -> 0.25525591 | BP16: =BL16*M16 -> 20.890143 | BQ16: =BL16*N16 -> 0.0081853586 | BU16: =BW16*I16 -> 59.7141 | BW16: 15.43 | BX16: =BW16*J16 -> 0 | BY16: =BW16*K16 -> 0.0046451192 | BZ16: =BW16*L16 -> 0.192875 | CA16: =BW16*M16 -> 15.78489 | CB16: =BW16*N16 -> 0.0061849736 | CF16: =CH16*I16 -> 77.169834 | CH16: 19.940525 | CI16: =CH16*J16 -> 0 | CJ16: =CH16*K16 -> 0.0060029889 | CK16: =CH16*L16 -> 0.24925657 | CL16: =CH16*M16 -> 20.399158 | CM16: =CH16*N16 -> 0.0079929763
A17: Plant oils | B17: 51.5 | C17: 2.4 | D17: 51.5 (2.4) | E17: 2.4 (0.1) | F17: =B17/I17 -> 5.9461193 | G17: =F17*J17 -> 0.0026427197 | I17: ='nutrient content'!B275/100 -> 8.6611111 | J17: ='nutrient content'!C275/100 -> 0.00044444444 | K17: =enviro!AD16 -> 0.016554871 | L17: =enviro!AE16 -> 0.51142133 | M17: =enviro!AF16 -> 7.8334208 | N17: =enviro!AG16 -> 0.0029773813 | U17: =B17 -> 51.5 | W17: =U17/I17 -> 5.9461193 | X17: =W17*J17 -> 0.0026427197 | Y17: =$W17*K17 -> 0.098437236 | Z17: =$W17*L17 -> 3.0409723 | AA17: =$W17*M17 -> 46.578455 | AB17: =$W17*N17 -> 0.017703864 | AE17: 0 | AG17: =AE17/I17 -> 0 | AH17: =AG17*J17 -> 0 | AI17: =$AG17*K17 -> 0 | AJ17: =$AG17*L17 -> 0 | AK17: =$AG17*M17 -> 0 | AL17: =$AG17*N17 -> 0 | AO17: =AQ17*I17 -> 852.81317 | AQ17: 98.464638 | AR17: =AQ17*J17 -> 0.043762061 | AS17: =AQ17*K17 -> 1.6300694 | AT17: =AQ17*L17 -> 50.356917 | AU17: =AQ17*M17 -> 771.31495 | AV17: =AQ17*N17 -> 0.29316677 | AY17: =BA17*I17 -> 527.55203 | BA17: 60.910434 | BB17: =BA17*J17 -> 0.027071304 | BC17: =BA17*K17 -> 1.0083644 | BD17: =BA17*L17 -> 31.150895 | BE17: =BA17*M17 -> 477.13706 | BF17: =BA17*N17 -> 0.18135358 | BJ17: =BL17*I17 -> 342.06687 | BL17: 39.494572 | BM17: =BL17*J17 -> 0.017553143 | BN17: =BL17*K17 -> 0.65382753 | BO17: =BL17*L17 -> 20.198367 | BP17: =BL17*M17 -> 309.3776 | BQ17: =BL17*N17 -> 0.1175904 | BU17: =BW17*I17 -> 188.54034 | BW17: 21.768609 | BX17: =BW17*J17 -> 0.0096749374 | BY17: =BW17*K17 -> 0.36037651 | BZ17: =BW17*L17 -> 11.132931 | CA17: =BW17*M17 -> 170.52268 | CB17: =BW17*N17 -> 0.064813449 | CF17: =CH17*I17 -> 386.4712 | CH17: 44.621434 | CI17: =CH17*J17 -> 0.019831749 | CJ17: =CH17*K17 -> 0.73870208 | CK17: =CH17*L17 -> 22.820353 | CL17: =CH17*M17 -> 349.53847 | CM17: =CH17*N17 -> 0.13285502
A18: Animal fats | B18: 34.6 | C18: 1.7 | D18: 34.6 (1.8) | E18: 1.7 (0.1) | F18: =B18/I18 -> 4.2430849 | G18: =F18*J18 -> 0.042430849 | I18: ='nutrient content'!B286/100 -> 8.1544444 | J18: ='nutrient content'!C286/100 -> 0.01 | K18: =enviro!AD2 -> 0.041260521 | L18: =enviro!AE2 -> 0.33634106 | M18: =enviro!AF2 -> 2.7368774 | N18: =enviro!AG2 -> 0.0067288236 | U18: =B18 -> 34.6 | W18: =U18/I18 -> 4.2430849 | X18: =W18*J18 -> 0.042430849 | Y18: =$W18*K18 -> 0.17507189 | Z18: =$W18*L18 -> 1.4271237 | AA18: =$W18*M18 -> 11.612803 | AB18: =$W18*N18 -> 0.02855097 | AE18: 0 | AG18: =AE18/I18 -> 0 | AH18: =AG18*J18 -> 0 | AI18: =$AG18*K18 -> 0 | AJ18: =$AG18*L18 -> 0 | AK18: =$AG18*M18 -> 0 | AL18: =$AG18*N18 -> 0 | AO18: =AQ18*I18 -> 448.01867 | AQ18: 54.941655 | AR18: =AQ18*J18 -> 0.54941655 | AS18: =AQ18*K18 -> 2.2669213 | AT18: =AQ18*L18 -> 18.479135 | AU18: =AQ18*M18 -> 150.36857 | AV18: =AQ18*N18 -> 0.3696927 | AY18: =BA18*I18 -> 459.96718 | BA18: 56.406931 | BB18: =BA18*J18 -> 0.56406931 | BC18: =BA18*K18 -> 2.3273793 | BD18: =BA18*L18 -> 18.971967 | BE18: =BA18*M18 -> 154.37885 | BF18: =BA18*N18 -> 0.37955228 | BJ18: =BL18*I18 -> 305.51891 | BL18: 37.466552 | BM18: =BL18*J18 -> 0.37466552 | BN18: =BL18*K18 -> 1.5458894 | BO18: =BL18*L18 -> 12.60154 | BP18: =BL18*M18 -> 102.54136 | BQ18: =BL18*N18 -> 0.25210582 | BU18: =BW18*I18 -> 167.21632 | BW18: 20.506157 | BX18: =BW18*J18 -> 0.20506157 | BY18: =BW18*K18 -> 0.84609472 | BZ18: =BW18*L18 -> 6.8970626 | CA18: =BW18*M18 -> 56.122838 | CB18: =BW18*N18 -> 0.13798231 | CF18: =CH18*I18 -> 393.68099 | CH18: 48.278088 | CI18: =CH18*J18 -> 0.48278088 | CJ18: =CH18*K18 -> 1.9919791 | CK18: =CH18*L18 -> 16.237903 | CL18: =CH18*M18 -> 132.13121 | CM18: =CH18*N18 -> 0.32485474
A19: Other processed culinary ingredients | B19: 1.2 | C19: 0.07 | D19: 1.3 (0.2) | E19: 0.1 (0.0) | G19: =F19*J19 -> 0 | U19: =B19 -> 1.2 | X19: =W19*J19 -> 0 | Y19: =$W19*K19 -> 0 | Z19: =$W19*L19 -> 0 | AA19: =$W19*M19 -> 0 | AB19: =$W19*N19 -> 0 | AE19: 0 | AH19: =AG19*J19 -> 0 | AI19: =$AG19*K19 -> 0 | AJ19: =$AG19*L19 -> 0 | AK19: =$AG19*M19 -> 0 | AL19: =$AG19*N19 -> 0 | AO19: =AQ19*I19 -> 0 | AR19: =AQ19*J19 -> 0 | AS19: =AQ19*K19 -> 0 | AT19: =AQ19*L19 -> 0 | AU19: =AQ19*M19 -> 0 | AV19: =AQ19*N19 -> 0 | AY19: =BA19*I19 -> 0 | BB19: =BA19*J19 -> 0 | BC19: =BA19*K19 -> 0 | BD19: =BA19*L19 -> 0 | BE19: =BA19*M19 -> 0 | BF19: =BA19*N19 -> 0 | BJ19: =BL19*I19 -> 0 | BM19: =BL19*J19 -> 0 | BN19: =BL19*K19 -> 0 | BO19: =BL19*L19 -> 0 | BP19: =BL19*M19 -> 0 | BQ19: =BL19*N19 -> 0 | BU19: =BW19*I19 -> 0 | BX19: =BW19*J19 -> 0 | BY19: =BW19*K19 -> 0 | BZ19: =BW19*L19 -> 0 | CA19: =BW19*M19 -> 0 | CB19: =BW19*N19 -> 0 | CF19: =CH19*I19 -> 0 | CI19: =CH19*J19 -> 0 | CJ19: =CH19*K19 -> 0 | CK19: =CH19*L19 -> 0 | CL19: =CH19*M19 -> 0 | CM19: =CH19*N19 -> 0
A20: Processed foods | B20: 197.1 | C20: 9 | D20: 299.7 (9.8) | E20: 13.7 (0.4) | G20: =F20*J20 -> 0 | X20: =W20*J20 -> 0 | Y20: =$W20*K20 -> 0 | Z20: =$W20*L20 -> 0 | AA20: =$W20*M20 -> 0 | AB20: =$W20*N20 -> 0 | AE20: 0 | AO20: =AQ20*I20 -> 0 | AR20: =AQ20*J20 -> 0 | AS20: =AQ20*K20 -> 0 | AT20: =AQ20*L20 -> 0 | AU20: =AQ20*M20 -> 0 | AV20: =AQ20*N20 -> 0 | AY20: =BA20*I20 -> 0 | BB20: =BA20*J20 -> 0 | BC20: =BA20*K20 -> 0 | BD20: =BA20*L20 -> 0 | BE20: =BA20*M20 -> 0 | BF20: =BA20*N20 -> 0 | BJ20: =BL20*I20 -> 0 | BM20: =BL20*J20 -> 0 | BN20: =BL20*K20 -> 0 | BO20: =BL20*L20 -> 0 | BP20: =BL20*M20 -> 0 | BQ20: =BL20*N20 -> 0 | BU20: =BW20*I20 -> 0 | BX20: =BW20*J20 -> 0 | BY20: =BW20*K20 -> 0 | BZ20: =BW20*L20 -> 0 | CA20: =BW20*M20 -> 0 | CB20: =BW20*N20 -> 0 | CF20: =CH20*I20 -> 0 | CI20: =CH20*J20 -> 0 | CJ20: =CH20*K20 -> 0 | CK20: =CH20*L20 -> 0 | CL20: =CH20*M20 -> 0 | CM20: =CH20*N20 -> 0
A21: Cheese | B21: 71.4 | C21: 3.3 | D21: 70.0 (3.9) | E21: 3.2 (0.2) | F21: =B21/I21 -> 41.331404 | G21: =F21*J21 -> 9.0722431 | I21: ='nutrient content'!L211/100 -> 1.7275 | J21: ='nutrient content'!M211/100 -> 0.2195 | K21: =AVERAGE(enviro!R34:'enviro'!R37) -> 0.022928135 | L21: =AVERAGE(enviro!S34:'enviro'!S37) -> 0.06741283 | M21: =AVERAGE(enviro!T34:'enviro'!T37) -> 11.415937 | N21: =AVERAGE(enviro!U34:'enviro'!U37) -> 0.0042290178 | O21: mean of enviro rows 34-37 | U21: =B21 -> 71.4 | W21: =U21/I21 -> 41.331404 | X21: =W21*J21 -> 9.0722431 | Y21: =$W21*K21 -> 0.94765199 | Z21: =$W21*L21 -> 2.7862669 | AA21: =$W21*M21 -> 471.83672 | AB21: =$W21*N21 -> 0.17479124 | AE21: 0 | AG21: =AE21/I21 -> 0 | AH21: =AG21*J21 -> 0 | AI21: =$AG21*K21 -> 0 | AJ21: =$AG21*L21 -> 0 | AK21: =$AG21*M21 -> 0 | AL21: =$AG21*N21 -> 0 | AO21: =AQ21*I21 -> 81.119126 | AQ21: 46.957526 | AR21: =AQ21*J21 -> 10.307177 | AS21: =AQ21*K21 -> 1.0766485 | AT21: =AQ21*L21 -> 3.1655397 | AU21: =AQ21*M21 -> 536.06418 | AV21: =AQ21*N21 -> 0.19858421 | AY21: =BA21*I21 -> 107.20818 | BA21: 62.059725 | BB21: =BA21*J21 -> 13.62211 | BC21: =BA21*K21 -> 1.4229137 | BD21: =BA21*L21 -> 4.1836217 | BE21: =BA21*M21 -> 708.46994 | BF21: =BA21*N21 -> 0.26245169 | BJ21: =BL21*I21 -> 145.96594 | BL21: 84.49548 | BM21: =BL21*J21 -> 18.546758 | BN21: =BL21*K21 -> 1.9373237 | BO21: =BL21*L21 -> 5.6960795 | BP21: =BL21*M21 -> 964.59512 | BQ21: =BL21*N21 -> 0.35733289 | BU21: =BW21*I21 -> 63.9175 | BW21: 37 | BX21: =BW21*J21 -> 8.1215 | BY21: =BW21*K21 -> 0.84834098 | BZ21: =BW21*L21 -> 2.4942747 | CA21: =BW21*M21 -> 422.38969 | CB21: =BW21*N21 -> 0.15647366 | CF21: =CH21*I21 -> 164.49676 | CH21: 95.222438 | CI21: =CH21*J21 -> 20.901325 | CJ21: =CH21*K21 -> 2.1832729 | CK21: =CH21*L21 -> 6.4192141 | CL21: =CH21*M21 -> 1087.0534 | CM21: =CH21*N21 -> 0.40269739
A22: Ham and other salted, smoked or canned meat or fish | B22: 18.5 | C22: 0.9 | D22: 18.5 (1.8) | E22: 0.9 (0.1) | F22: =B22/I22 -> 8.1713781 | G22: =F22*J22 -> 1.8712456 | I22: ='nutrient content'!L189/100 -> 2.264 | J22: ='nutrient content'!M189/100 -> 0.229 | K22: =enviro!AD19 -> 0.33861575 | L22: =enviro!AE19 -> 0.46502213 | M22: =enviro!AF19 -> 10.153495 | N22: =enviro!AG19 -> 0.019571896 | O22: assumed red and processed meat | U22: =B22 -> 18.5 | W22: =U22/I22 -> 8.1713781 | X22: =W22*J22 -> 1.8712456 | Y22: =$W22*K22 -> 2.7669573 | Z22: =$W22*L22 -> 3.7998716 | AA22: =$W22*M22 -> 82.96805 | AB22: =$W22*N22 -> 0.15992936 | AE22: 0 | AG22: =AE22/I22 -> 0 | AH22: =AG22*J22 -> 0 | AI22: =$AG22*K22 -> 0 | AJ22: =$AG22*L22 -> 0 | AK22: =$AG22*M22 -> 0 | AL22: =$AG22*N22 -> 0 | AO22: =AQ22*I22 -> 31.283278 | AQ22: 13.817702 | AR22: =AQ22*J22 -> 3.1642538 | AS22: =AQ22*K22 -> 4.6788916 | AT22: =AQ22*L22 -> 6.4255373 | AU22: =AQ22*M22 -> 140.29798 | AV22: =AQ22*N22 -> 0.27043863 | AY22: =BA22*I22 -> 74.047632 | BA22: 32.706551 | BB22: =BA22*J22 -> 7.4898003 | BC22: =BA22*K22 -> 11.074953 | BD22: =BA22*L22 -> 15.20927 | BE22: =BA22*M22 -> 332.08582 | BF22: =BA22*N22 -> 0.64012921 | BJ22: =BL22*I22 -> 124.62393 | BL22: 55.045908 | BM22: =BL22*J22 -> 12.605513 | BN22: =BL22*K22 -> 18.639411 | BO22: =BL22*L22 -> 25.597565 | BP22: =BL22*M22 -> 558.90837 | BQ22: =BL22*N22 -> 1.0773528 | BU22: =BW22*I22 -> 83.768 | BW22: 37 | BX22: =BW22*J22 -> 8.473 | BY22: =BW22*K22 -> 12.528783 | BZ22: =BW22*L22 -> 17.205819 | CA22: =BW22*M22 -> 375.67933 | CB22: =BW22*N22 -> 0.72416014 | CF22: =CH22*I22 -> 151.32075 | CH22: 66.837786 | CI22: =CH22*J22 -> 15.305853 | CJ22: =CH22*K22 -> 22.632327 | CK22: =CH22*L22 -> 31.081049 | CL22: =CH22*M22 -> 678.63716 | CM22: =CH22*N22 -> 1.3081422
A23: Vegetables and other plant foods preserved in brine | B23: 11.3 | C23: 0.56 | D23: 11.3 (0.6) | E23: 0.6 (0.0) | F23: =B23/I23 -> 21.339482 | G23: =F23*J23 -> 0.50470356 | I23: ='nutrient content'!B125/100 -> 0.52953488 | J23: ='nutrient content'!C125/100 -> 0.023651163 | K23: =enviro!AD22 -> 0.0012712095 | L23: =enviro!AE22 -> 0.022446556 | M23: =enviro!AF22 -> 1.4468796 | N23: =enviro!AG22 -> 0.00069335678 | O23: assumed vegetable | U23: =B23 -> 11.3 | W23: =U23/I23 -> 21.339482 | X23: =W23*J23 -> 0.50470356 | Y23: =$W23*K23 -> 0.027126951 | Z23: =$W23*L23 -> 0.47899787 | AA23: =$W23*M23 -> 30.87566 | AB23: =$W23*N23 -> 0.014795874 | AE23: 0 | AG23: =AE23/I23 -> 0 | AH23: =AG23*J23 -> 0 | AI23: =$AG23*K23 -> 0 | AJ23: =$AG23*L23 -> 0 | AK23: =$AG23*M23 -> 0 | AL23: =$AG23*N23 -> 0 | AO23: =AQ23*I23 -> 14.682707 | AQ23: 27.727553 | AR23: =AQ23*J23 -> 0.65578888 | AS23: =AQ23*K23 -> 0.035247529 | AT23: =AQ23*L23 -> 0.62238808 | AU23: =AQ23*M23 -> 40.11843 | AV23: =AQ23*N23 -> 0.019225087 | AY23: =BA23*I23 -> 14.646735 | BA23: 27.659623 | BB23: =BA23*J23 -> 0.65418226 | BC23: =BA23*K23 -> 0.035161175 | BD23: =BA23*L23 -> 0.62086329 | BE23: =BA23*M23 -> 40.020144 | BF23: =BA23*N23 -> 0.019177987 | BJ23: =BL23*I23 -> 14.743014 | BL23: 27.84144 | BM23: =BL23*J23 -> 0.65848244 | BN23: =BL23*K23 -> 0.035392303 | BO23: =BL23*L23 -> 0.62494445 | BP23: =BL23*M23 -> 40.283211 | BQ23: =BL23*N23 -> 0.019304051 | BU23: =BW23*I23 -> 17.763974 | BW23: 33.546371 | BX23: =BW23*J23 -> 0.79341068 | BY23: =BW23*K23 -> 0.042644465 | BZ23: =BW23*L23 -> 0.7530005 | CA23: =BW23*M23 -> 48.537559 | CB23: =BW23*N23 -> 0.023259604 | CF23: =CH23*I23 -> 5.2953488 | CH23: 10 | CI23: =CH23*J23 -> 0.23651163 | CJ23: =CH23*K23 -> 0.012712095 | CK23: =CH23*L23 -> 0.22446556 | CL23: =CH23*M23 -> 14.468796 | CM23: =CH23*N23 -> 0.0069335678
A24: Other processed foods | B24: 95.8 | C24: 4.3 | D24: 199.9 (7.0) | E24: 9.0 (0.3) | F24: =B24/I24 -> 63.569516 | G24: =F24*J24 -> 10.004807 | I24: =AVERAGE(I21:I23) -> 1.5070116 | J24: =AVERAGE(J21:J23) -> 0.15738372 | K24: =AVERAGE(K21:K23) -> 0.12093836 | L24: =AVERAGE(L21:L23) -> 0.1849605 | M24: =AVERAGE(M21:M23) -> 7.6721042 | N24: =AVERAGE(N21:N23) -> 0.0081647568 | O24: assumed as average of the category | U24: =B24 -> 95.8 | W24: =U24/I24 -> 63.569516 | X24: =W24*J24 -> 10.004807 | Y24: =$W24*K24 -> 7.6879933 | Z24: =$W24*L24 -> 11.75785 | AA24: =$W24*M24 -> 487.71195 | AB24: =$W24*N24 -> 0.51902964 | AE24: 0 | AG24: =AE24/I24 -> 0 | AH24: =AG24*J24 -> 0 | AI24: =$AG24*K24 -> 0 | AJ24: =$AG24*L24 -> 0 | AK24: =$AG24*M24 -> 0 | AL24: =$AG24*N24 -> 0 | AO24: =AQ24*I24 -> 104.73309 | AQ24: 69.497201 | AR24: =AQ24*J24 -> 10.937728 | AS24: =AQ24*K24 -> 8.4048778 | AT24: =AQ24*L24 -> 12.854237 | AU24: =AQ24*M24 -> 533.18977 | AV24: =AQ24*N24 -> 0.56742774 | AY24: =BA24*I24 -> 120.92912 | BA24: 80.24432 | BB24: =BA24*J24 -> 12.62915 | BC24: =BA24*K24 -> 9.7046168 | BD24: =BA24*L24 -> 14.84203 | BE24: =BA24*M24 -> 615.64279 | BF24: =BA24*N24 -> 0.65517536 | BJ24: =BL24*I24 -> 144.58043 | BL24: 95.938496 | BM24: =BL24*J24 -> 15.099157 | BN24: =BL24*K24 -> 11.602645 | BO24: =BL24*L24 -> 17.744833 | BP24: =BL24*M24 -> 736.05013 | BQ24: =BL24*N24 -> 0.78331448 | BU24: =BW24*I24 -> 234.4458 | BW24: 155.57 | BX24: =BW24*J24 -> 24.484185 | BY24: =BW24*K24 -> 18.814381 | BZ24: =BW24*L24 -> 28.774306 | CA24: =BW24*M24 -> 1193.5492 | CB24: =BW24*N24 -> 1.2701912 | CF24: =CH24*I24 -> 61.021939 | CH24: 40.492016 | CI24: =CH24*J24 -> 6.3727842 | CJ24: =CH24*K24 -> 4.8970382 | CK24: =CH24*L24 -> 7.4894237 | CL24: =CH24*M24 -> 310.65897 | CM24: =CH24*N24 -> 0.33060746
A25: Ultraprocessed foods | B25: 1232.8 | C25: 58.2 | D25: 1127.3 (16.0) | E25: 53.4 (0.8) | G25: =F25*J25 -> 0 | X25: =W25*J25 -> 0 | Y25: =$W25*K25 -> 0 | Z25: =$W25*L25 -> 0 | AA25: =$W25*M25 -> 0 | AB25: =$W25*N25 -> 0 | AE25: =U25 -> 0 | AS25: =AQ25*K25 -> 0 | AT25: =AQ25*L25 -> 0 | AU25: =AQ25*M25 -> 0 | AV25: =AQ25*N25 -> 0 | AY25: =AE25*AY67 -> 0 | BC25: =BA25*K25 -> 0 | BD25: =BA25*L25 -> 0 | BE25: =BA25*M25 -> 0 | BF25: =BA25*N25 -> 0 | BJ25: =BL25*I25 -> 0 | BL25: 0 | BM25: =BL25*J25 -> 0 | BN25: =BL25*K25 -> 0 | BO25: =BL25*L25 -> 0 | BP25: =BL25*M25 -> 0 | BQ25: =BL25*N25 -> 0 | BU25: =BW25*I25 -> 0 | BW25: 0 | BX25: =BW25*U25 -> 0 | BY25: =BW25*V25 -> 0 | BZ25: =BW25*W25 -> 0 | CA25: =BW25*X25 -> 0 | CB25: =BW25*Y25 -> 0 | CF25: =CH25*AE25 -> 0 | CH25: 0 | CI25: =CH25*J25 -> 0 | CJ25: =CH25*AG25 -> 0 | CK25: =CH25*AH25 -> 0 | CL25: =CH25*AI25 -> 0 | CM25: =CH25*AJ25 -> 0
A26: Breads | B26: 207.4 | C26: 10 | D26: 149.1 (5.2) | E26: 7.4 (0.3) | F26: =B26/I26 -> 59.011899 | G26: =F26*J26 -> 8.4011485 | I26: ='nutrient content'!B44/100 -> 3.5145455 | J26: ='nutrient content'!C44/100 -> 0.14236364 | K26: =enviro!AD12 -> 0.0078441205 | L26: =enviro!AE12 -> 0.14199297 | M26: =enviro!AF12 -> 1.6622894 | N26: =enviro!AG12 -> 0.0011137228 | O26: assumed refined grains | U26: =B26 -> 207.4 | W26: =U26/I26 -> 59.011899 | X26: =W26*J26 -> 8.4011485 | Y26: =$W26*K26 -> 0.46289645 | Z26: =$W26*L26 -> 8.3792747 | AA26: =$W26*M26 -> 98.094852 | AB26: =$W26*N26 -> 0.065722897 | AE26: =U26 -> 207.4 | AG26: =AE26/I26 -> 59.011899 | AH26: =AG26*J26 -> 8.4011485 | AI26: =$AG26*K26 -> 0.46289645 | AJ26: =$AG26*L26 -> 8.3792747 | AK26: =$AG26*M26 -> 98.094852 | AL26: =$AG26*N26 -> 0.065722897 | AO26: 0 | AQ26: =AO26/I26 -> 0 | AR26: 0 | AS26: =AQ26*K26 -> 0 | AT26: =AQ26*L26 -> 0 | AU26: =AQ26*M26 -> 0 | AV26: =AQ26*N26 -> 0 | AY26: 0 | BA26: =AY26/I26 -> 0 | BB26: 0 | BC26: =BA26*K26 -> 0 | BD26: =BA26*L26 -> 0 | BE26: =BA26*M26 -> 0 | BF26: =BA26*N26 -> 0 | BJ26: 0 | BL26: =BJ26/I26 -> 0 | BM26: =BL26*J26 -> 0 | BN26: =BL26*K26 -> 0 | BO26: =BL26*L26 -> 0 | BP26: =BL26*M26 -> 0 | BQ26: =BL26*N26 -> 0 | BU26: =BW26*I26 -> 0 | BW26: 0 | BX26: =BW26*U26 -> 0 | BY26: =BW26*V26 -> 0 | BZ26: =BW26*W26 -> 0 | CA26: =BW26*X26 -> 0 | CB26: =BW26*Y26 -> 0 | CF26: 0 | CH26: 0 | CI26: =CH26*J26 -> 0 | CJ26: =CH26*AG26 -> 0 | CK26: =CH26*AH26 -> 0 | CL26: =CH26*AI26 -> 0 | CM26: =CH26*AJ26 -> 0
A27: Cakes, cookies and pies | B27: 128.8 | C27: 5.8 | D27: 128.8 (3.8) | E27: 5.8 (0.2) | F27: =B27/I27 -> 39.108712 | G27: =F27*J27 -> 2.8185925 | I27: =AVERAGE('nutrient content'!B44,'nutrient content'!B60)/100 -> 3.2933838 | J27: =AVERAGE('nutrient content'!C44,'nutrient content'!C60)/100 -> 0.072070707 | K27: =AVERAGE(enviro!AD12,enviro!AD20) -> 0.018451704 | L27: =AVERAGE(enviro!AE12,enviro!AE20) -> 0.11522772 | M27: =AVERAGE(enviro!AF12,enviro!AF20) -> 3.9250933 | N27: =AVERAGE(enviro!AG12,enviro!AG20) -> 0.001437584 | O27: assumed average of sweets and refined grains | U27: =B27*$U$46 -> 198.8672 | W27: =U27/I27 -> 60.383851 | X27: =W27*J27 -> 4.3519069 | Y27: =$W27*K27 -> 1.114185 | Z27: =$W27*L27 -> 6.9578936 | AA27: =$W27*M27 -> 237.01225 | AB27: =$W27*N27 -> 0.086806857 | AE27: =U27 -> 198.8672 | AG27: =AE27/I27 -> 60.383851 | AH27: =AG27*J27 -> 4.3519069 | AI27: =$AG27*K27 -> 1.114185 | AJ27: =$AG27*L27 -> 6.9578936 | AK27: =$AG27*M27 -> 237.01225 | AL27: =$AG27*N27 -> 0.086806857 | AO27: 0 | AQ27: =AO27/I27 -> 0 | AR27: 0 | AS27: =AQ27*K27 -> 0 | AT27: =AQ27*L27 -> 0 | AU27: =AQ27*M27 -> 0 | AV27: =AQ27*N27 -> 0 | AY27: 0 | BA27: =AY27/I27 -> 0 | BB27: 0 | BC27: =BA27*K27 -> 0 | BD27: =BA27*L27 -> 0 | BE27: =BA27*M27 -> 0 | BF27: =BA27*N27 -> 0 | BJ27: 0 | BL27: =BJ27/I27 -> 0 | BM27: =BL27*J27 -> 0 | BN27: =BL27*K27 -> 0 | BO27: =BL27*L27 -> 0 | BP27: =BL27*M27 -> 0 | BQ27: =BL27*N27 -> 0 | BU27: =BW27*I27 -> 0 | BW27: 0 | BX27: =BW27*U27 -> 0 | BY27: =BW27*V27 -> 0 | BZ27: =BW27*W27 -> 0 | CA27: =BW27*X27 -> 0 | CB27: =BW27*Y27 -> 0 | CF27: 0 | CH27: 0 | CI27: =CH27*J27 -> 0 | CJ27: =CH27*AG27 -> 0 | CK27: =CH27*AH27 -> 0 | CL27: =CH27*AI27 -> 0 | CM27: =CH27*AJ27 -> 0
A28: Reconstituted meat or fish products | B28: 121.9 | C28: 5.6 | D28: 121.9 (4.2) | E28: 5.6 (0.2) | F28: =B28/I28 -> 70.365682 | G28: =F28*J28 -> 13.51224 | I28: =AVERAGE('nutrient content'!B238,'nutrient content'!L194)/100 -> 1.7323786 | J28: =AVERAGE('nutrient content'!C238,'nutrient content'!M194)/100 -> 0.19202883 | K28: =AVERAGE(enviro!AD10,enviro!AD18,enviro!AD19) -> 0.11887542 | L28: =AVERAGE(enviro!AE10,enviro!AE18,enviro!AE19) -> 0.19783524 | M28: =AVERAGE(enviro!AF10,enviro!AF18,enviro!AF19) -> 4.7083998 | N28: =AVERAGE(enviro!AG10,enviro!AG18,enviro!AG19) -> 0.012212755 | O28: assumed as average of fish, poultry and red and processed meat | U28: =B28 -> 121.9 | W28: =U28/I28 -> 70.365682 | X28: =W28*J28 -> 13.51224 | Y28: =$W28*K28 -> 8.3647497 | Z28: =$W28*L28 -> 13.920812 | AA28: =$W28*M28 -> 331.30977 | AB28: =$W28*N28 -> 0.85935884 | AE28: =U28 -> 121.9 | AG28: =AE28/I28 -> 70.365682 | AH28: =AG28*J28 -> 13.51224 | AI28: =$AG28*K28 -> 8.3647497 | AJ28: =$AG28*L28 -> 13.920812 | AK28: =$AG28*M28 -> 331.30977 | AL28: =$AG28*N28 -> 0.85935884 | AO28: 0 | AQ28: =AO28/I28 -> 0 | AR28: 0 | AS28: =AQ28*K28 -> 0 | AT28: =AQ28*L28 -> 0 | AU28: =AQ28*M28 -> 0 | AV28: =AQ28*N28 -> 0 | AY28: 0 | BA28: =AY28/I28 -> 0 | BB28: 0 | BC28: =BA28*K28 -> 0 | BD28: =BA28*L28 -> 0 | BE28: =BA28*M28 -> 0 | BF28: =BA28*N28 -> 0 | BJ28: 0 | BL28: =BJ28/I28 -> 0 | BM28: =BL28*J28 -> 0 | BN28: =BL28*K28 -> 0 | BO28: =BL28*L28 -> 0 | BP28: =BL28*M28 -> 0 | BQ28: =BL28*N28 -> 0 | BU28: =BW28*I28 -> 0 | BW28: 0 | BX28: =BW28*U28 -> 0 | BY28: =BW28*V28 -> 0 | BZ28: =BW28*W28 -> 0 | CA28: =BW28*X28 -> 0 | CB28: =BW28*Y28 -> 0 | CF28: 0 | CH28: 0 | CI28: =CH28*J28 -> 0 | CJ28: =CH28*AG28 -> 0 | CK28: =CH28*AH28 -> 0 | CL28: =CH28*AI28 -> 0 | CM28: =CH28*AJ28 -> 0
A29: Salty snacks | B29: 98.6 | C29: 4.8 | D29: 56.6 (2.2) | E29: 2.9 (0.1) | F29: =B29/I29 -> 17.691901 | G29: =F29*J29 -> 1.5143552 | I29: =0.6*'nutrient content'!B44/100+0.4*'nutrient content'!B275/100 -> 5.5731717 | J29: =0.6*'nutrient content'!C44/100+0.4*'nutrient content'!C275/100 -> 0.08559596 | K29: =0.6*enviro!AD12+0.4*enviro!AD16 -> 0.011328421 | L29: =0.6*enviro!AE12+0.4*enviro!AE16 -> 0.28976432 | M29: =0.6*enviro!AF12+0.4*enviro!AF16 -> 4.1307419 | N29: =0.6*enviro!AG12+0.4*enviro!AG16 -> 0.0018591862 | O29: assumed 0.6 refined grains and 0.4 veg oils | U29: =B29*$U$46 -> 152.2384 | W29: =U29/I29 -> 27.316295 | X29: =W29*J29 -> 2.3381644 | Y29: =$W29*K29 -> 0.30945047 | Z29: =$W29*L29 -> 7.9152874 | AA29: =$W29*M29 -> 112.83656 | AB29: =$W29*N29 -> 0.050786078 | AE29: =U29 -> 152.2384 | AG29: =AE29/I29 -> 27.316295 | AH29: =AG29*J29 -> 2.3381644 | AI29: =$AG29*K29 -> 0.30945047 | AJ29: =$AG29*L29 -> 7.9152874 | AK29: =$AG29*M29 -> 112.83656 | AL29: =$AG29*N29 -> 0.050786078 | AO29: 0 | AQ29: =AO29/I29 -> 0 | AR29: 0 | AS29: =AQ29*K29 -> 0 | AT29: =AQ29*L29 -> 0 | AU29: =AQ29*M29 -> 0 | AV29: =AQ29*N29 -> 0 | AY29: 0 | BA29: =AY29/I29 -> 0 | BB29: 0 | BC29: =BA29*K29 -> 0 | BD29: =BA29*L29 -> 0 | BE29: =BA29*M29 -> 0 | BF29: =BA29*N29 -> 0 | BJ29: 0 | BL29: =BJ29/I29 -> 0 | BM29: =BL29*J29 -> 0 | BN29: =BL29*K29 -> 0 | BO29: =BL29*L29 -> 0 | BP29: =BL29*M29 -> 0 | BQ29: =BL29*N29 -> 0 | BU29: =BW29*I29 -> 0 | BW29: 0 | BX29: =BW29*U29 -> 0 | BY29: =BW29*V29 -> 0 | BZ29: =BW29*W29 -> 0 | CA29: =BW29*X29 -> 0 | CB29: =BW29*Y29 -> 0 | CF29: 0 | CH29: 0 | CI29: =CH29*J29 -> 0 | CJ29: =CH29*AG29 -> 0 | CK29: =CH29*AH29 -> 0 | CL29: =CH29*AI29 -> 0 | CM29: =CH29*AJ29 -> 0
A30: Frozen and shelf-stable plate meals | B30: 58.8 | C30: 2.8 | D30: 58.8 (4.3) | E30: 2.8 (0.2) | F30: =B30/I30 -> 28.150924 | G30: =F30*J30 -> 3.2614339 | I30: =0.7*AVERAGE('nutrient content'!B44,'nutrient content'!L194)/100+0.3*'nutrient content'!B125/100 -> 2.0887414 | J30: =0.7*AVERAGE('nutrient content'!C44,'nutrient content'!M194)/100+0.3*'nutrient content'!C125/100 -> 0.1158553 | K30: =0.7*AVERAGE(enviro!AD12,enviro!AD18,enviro!AD19)+0.3*enviro!AD22 -> 0.084898082 | L30: =0.7*AVERAGE(enviro!AE12,enviro!AE18,enviro!AE19)+0.3*enviro!AE22 -> 0.17832775 | M30: =0.7*AVERAGE(enviro!AF12,enviro!AF18,enviro!AF19)+0.3*enviro!AF22 -> 4.0043839 | N30: =0.7*AVERAGE(enviro!AG12,enviro!AG18,enviro!AG19)+0.3*enviro!AG22 -> 0.0068522876 | O30: assumed 70% average of refined grains, poultry and red and processed meat, and 30% of vegetables | U30: =B30 -> 58.8 | W30: =U30/I30 -> 28.150924 | X30: =W30*J30 -> 3.2614339 | Y30: =$W30*K30 -> 2.3899595 | Z30: =$W30*L30 -> 5.0200911 | AA30: =$W30*M30 -> 112.72711 | AB30: =$W30*N30 -> 0.19289823 | AE30: =U30 -> 58.8 | AG30: =AE30/I30 -> 28.150924 | AH30: =AG30*J30 -> 3.2614339 | AI30: =$AG30*K30 -> 2.3899595 | AJ30: =$AG30*L30 -> 5.0200911 | AK30: =$AG30*M30 -> 112.72711 | AL30: =$AG30*N30 -> 0.19289823 | AO30: 0 | AQ30: =AO30/I30 -> 0 | AR30: 0 | AS30: =AQ30*K30 -> 0 | AT30: =AQ30*L30 -> 0 | AU30: =AQ30*M30 -> 0 | AV30: =AQ30*N30 -> 0 | AY30: 0 | BA30: =AY30/I30 -> 0 | BB30: 0 | BC30: =BA30*K30 -> 0 | BD30: =BA30*L30 -> 0 | BE30: =BA30*M30 -> 0 | BF30: =BA30*N30 -> 0 | BJ30: 0 | BL30: =BJ30/I30 -> 0 | BM30: =BL30*J30 -> 0 | BN30: =BL30*K30 -> 0 | BO30: =BL30*L30 -> 0 | BP30: =BL30*M30 -> 0 | BQ30: =BL30*N30 -> 0 | BU30: 0 | BW30: 0 | BX30: =BW30*U30 -> 0 | BY30: =BW30*V30 -> 0 | BZ30: =BW30*W30 -> 0 | CA30: =BW30*X30 -> 0 | CB30: =BW30*Y30 -> 0 | CF30: 0 | CH30: 0 | CI30: =CH30*AF30 -> 0 | CJ30: =CH30*AG30 -> 0 | CK30: =CH30*AH30 -> 0 | CL30: =CH30*AI30 -> 0 | CM30: =CH30*AJ30 -> 0
A31: Soft drinks, carbonated | B31: 69 | C31: 3.1 | D31: 69.0 (5.0) | E31: 3.1 (0.3) | F31: =B31/I31 -> 176.92308 | G31: =F31*J31 -> 0 | I31: ='nutrient content'!G266/100 -> 0.39 | J31: ='nutrient content'!H266/100 -> 0 | K31: =enviro!AD6 -> 0.00027044745 | L31: =enviro!AE6 -> 0.014529734 | M31: =enviro!AF6 -> 0.030199181 | N31: =enviro!AG6 -> 7.09962e-05 | O31: SSB | U31: =B31*$U$46 -> 106.536 | W31: =U31/I31 -> 273.16923 | X31: =W31*J31 -> 0 | Y31: =$W31*K31 -> 0.073877922 | Z31: =$W31*L31 -> 3.9690762 | AA31: =$W31*M31 -> 8.249487 | AB31: =$W31*N31 -> 0.019393977 | AE31: =U31 -> 106.536 | AG31: =AE31/I31 -> 273.16923 | AH31: =AG31*J31 -> 0 | AI31: =$AG31*K31 -> 0.073877922 | AJ31: =$AG31*L31 -> 3.9690762 | AK31: =$AG31*M31 -> 8.249487 | AL31: =$AG31*N31 -> 0.019393977 | AO31: 0 | AQ31: =AO31/I31 -> 0 | AR31: 0 | AS31: =AQ31*K31 -> 0 | AT31: =AQ31*L31 -> 0 | AU31: =AQ31*M31 -> 0 | AV31: =AQ31*N31 -> 0 | AY31: 0 | BA31: =AY31/I31 -> 0 | BB31: 0 | BC31: =BA31*K31 -> 0 | BD31: =BA31*L31 -> 0 | BE31: =BA31*M31 -> 0 | BF31: =BA31*N31 -> 0 | BJ31: 0 | BL31: =BJ31/I31 -> 0 | BM31: =BL31*J31 -> 0 | BN31: =BL31*K31 -> 0 | BO31: =BL31*L31 -> 0 | BP31: =BL31*M31 -> 0 | BQ31: =BL31*N31 -> 0 | BU31: 0 | BW31: 0 | BX31: =BW31*U31 -> 0 | BY31: =BW31*V31 -> 0 | BZ31: =BW31*W31 -> 0 | CA31: =BW31*X31 -> 0 | CB31: =BW31*Y31 -> 0 | CF31: 0 | CH31: 0 | CI31: =CH31*AF31 -> 0 | CJ31: =CH31*AG31 -> 0 | CK31: =CH31*AH31 -> 0 | CL31: =CH31*AI31 -> 0 | CM31: =CH31*AJ31 -> 0
A32: Pizza (ready-to-eat/heat) | B32: 74.9 | C32: 3.4 | D32: 74.9 (2.8) | E32: 3.4 (0.2) | F32: =B32/I32 -> 25.217794 | G32: =F32*J32 -> 3.0671142 | I32: =0.4*'nutrient content'!B5/100+0.35*'nutrient content'!L211/100+0.15*'nutrient content'!G85/100+0.1*'nutrient content'!B255/100 -> 2.970125 | J32: =0.4*'nutrient content'!C5/100+0.35*'nutrient content'!M211/100+0.15*'nutrient content'!H85/100+0.1*'nutrient content'!C255/100 -> 0.121625 | K32: =0.4*enviro!R128+0.35*enviro!R55+0.15*enviro!R282+0.1*enviro!R178 -> 0.017941114 | L32: =0.4*enviro!S128+0.35*enviro!S55+0.15*enviro!S282+0.1*enviro!S178 -> 0.079244372 | M32: =0.4*enviro!T128+0.35*enviro!T55+0.15*enviro!T282+0.1*enviro!T178 -> 11.726841 | N32: =0.4*enviro!U128+0.35*enviro!U55+0.15*enviro!U282+0.1*enviro!U178 -> 0.0030149259 | O32: assumed 40% flour 35% cheese, veg 15% (tomato) and then 10% veg oils | U32: =B32*$U$46 -> 115.6456 | W32: =U32/I32 -> 38.936274 | X32: =W32*J32 -> 4.7356243 | Y32: =$W32*K32 -> 0.69856012 | Z32: =$W32*L32 -> 3.0854806 | AA32: =$W32*M32 -> 456.59948 | AB32: =$W32*N32 -> 0.11738998 | AE32: =U32 -> 115.6456 | AG32: =AE32/I32 -> 38.936274 | AH32: =AG32*J32 -> 4.7356243 | AI32: =$AG32*K32 -> 0.69856012 | AJ32: =$AG32*L32 -> 3.0854806 | AK32: =$AG32*M32 -> 456.59948 | AL32: =$AG32*N32 -> 0.11738998 | AO32: 0 | AQ32: =AO32/I32 -> 0 | AR32: 0 | AS32: =AQ32*K32 -> 0 | AT32: =AQ32*L32 -> 0 | AU32: =AQ32*M32 -> 0 | AV32: =AQ32*N32 -> 0 | AY32: 0 | BA32: =AY32/I32 -> 0 | BB32: 0 | BC32: =BA32*K32 -> 0 | BD32: =BA32*L32 -> 0 | BE32: =BA32*M32 -> 0 | BF32: =BA32*N32 -> 0 | BJ32: 0 | BL32: =BJ32/I32 -> 0 | BM32: =BL32*J32 -> 0 | BN32: =BL32*K32 -> 0 | BO32: =BL32*L32 -> 0 | BP32: =BL32*M32 -> 0 | BQ32: =BL32*N32 -> 0 | BU32: 0 | BW32: 0 | BX32: =BW32*U32 -> 0 | BY32: =BW32*V32 -> 0 | BZ32: =BW32*W32 -> 0 | CA32: =BW32*X32 -> 0 | CB32: =BW32*Y32 -> 0 | CF32: 0 | CH32: 0 | CI32: =CH32*AF32 -> 0 | CJ32: =CH32*AG32 -> 0 | CK32: =CH32*AH32 -> 0 | CL32: =CH32*AI32 -> 0 | CM32: =CH32*AJ32 -> 0
A33: Fruit drinks | B33: 58.3 | C33: 2.9 | D33: 58.3 (3.3) | E33: 2.9 (0.2) | F33: =B33/I33 -> 95.289747 | G33: =F33*J33 -> 0.58040119 | I33: =AVERAGE('nutrient content'!G96,'nutrient content'!G98,'nutrient content'!G107,'nutrient content'!G120,'nutrient content'!G125,'nutrient content'!G130,'nutrient content'!G138,'nutrient content'!B130,'nutrient content'!B133,'nutrient content'!B138,'nutrient content'!B141)/100 -> 0.61181818 | J33: =AVERAGE('nutrient content'!H96,'nutrient content'!H98,'nutrient content'!H107,'nutrient content'!H120,'nutrient content'!H125,'nutrient content'!H130,'nutrient content'!H138,'nutrient content'!C130,'nutrient content'!C133,'nutrient content'!C138,'nutrient content'!C141)/100 -> 0.0060909091 | K33: =enviro!AD11 -> 0.0023035092 | L33: =enviro!AE11 -> 0.026136647 | M33: =enviro!AF11 -> 2.6729545 | N33: =enviro!AG11 -> 0.0006384849 | O33: assumed fruits - caloric difference between fruits nd fruits juice is negligable | U33: =B33*$U$46 -> 90.0152 | W33: =U33/I33 -> 147.12737 | X33: =W33*J33 -> 0.89613944 | Y33: =$W33*K33 -> 0.33890925 | Z33: =$W33*L33 -> 3.8454162 | AA33: =$W33*M33 -> 393.26477 | AB33: =$W33*N33 -> 0.093938604 | AE33: =U33 -> 90.0152 | AG33: =AE33/I33 -> 147.12737 | AH33: =AG33*J33 -> 0.89613944 | AI33: =$AG33*K33 -> 0.33890925 | AJ33: =$AG33*L33 -> 3.8454162 | AK33: =$AG33*M33 -> 393.26477 | AL33: =$AG33*N33 -> 0.093938604 | AO33: 0 | AQ33: =AO33/I33 -> 0 | AR33: 0 | AS33: =AQ33*K33 -> 0 | AT33: =AQ33*L33 -> 0 | AU33: =AQ33*M33 -> 0 | AV33: =AQ33*N33 -> 0 | AY33: 0 | BA33: =AY33/I33 -> 0 | BB33: 0 | BC33: =BA33*K33 -> 0 | BD33: =BA33*L33 -> 0 | BE33: =BA33*M33 -> 0 | BF33: =BA33*N33 -> 0 | BJ33: 0 | BL33: =BJ33/I33 -> 0 | BM33: =BL33*J33 -> 0 | BN33: =BL33*K33 -> 0 | BO33: =BL33*L33 -> 0 | BP33: =BL33*M33 -> 0 | BQ33: =BL33*N33 -> 0 | BU33: 0 | BW33: 0 | BX33: =BW33*U33 -> 0 | BY33: =BW33*V33 -> 0 | BZ33: =BW33*W33 -> 0 | CA33: =BW33*X33 -> 0 | CB33: =BW33*Y33 -> 0 | CF33: 0 | CH33: 0 | CI33: =CH33*AF33 -> 0 | CJ33: =CH33*AG33 -> 0 | CK33: =CH33*AH33 -> 0 | CL33: =CH33*AI33 -> 0 | CM33: =CH33*AJ33 -> 0
A34: Breakfast cereals | B34: 42.8 | C34: 2.2 | D34: 37.4 (1.3) | E34: 1.9 (0.1) | F34: =B34/I34 -> 12.995752 | G34: =F34*J34 -> 0.93661304 | I34: =AVERAGE('nutrient content'!B44,'nutrient content'!B60)/100 -> 3.2933838 | J34: =AVERAGE('nutrient content'!C44,'nutrient content'!C60)/100 -> 0.072070707 | K34: =AVERAGE(enviro!AD20,enviro!AD12) -> 0.018451704 | L34: =AVERAGE(enviro!AE20,enviro!AE12) -> 0.11522772 | M34: =AVERAGE(enviro!AF20,enviro!AF12) -> 3.9250933 | N34: =AVERAGE(enviro!AG20,enviro!AG12) -> 0.001437584 | O34: assumed average of refined grains and sweets | U34: =B34*$U$46 -> 66.0832 | W34: =U34/I34 -> 20.065441 | X34: =W34*J34 -> 1.4461305 | Y34: =$W34*K34 -> 0.37024158 | Z34: =$W34*L34 -> 2.3120951 | AA34: =$W34*M34 -> 78.758729 | AB34: =$W34*N34 -> 0.028845757 | AE34: =U34 -> 66.0832 | AG34: =AE34/I34 -> 20.065441 | AH34: =AG34*J34 -> 1.4461305 | AI34: =$AG34*K34 -> 0.37024158 | AJ34: =$AG34*L34 -> 2.3120951 | AK34: =$AG34*M34 -> 78.758729 | AL34: =$AG34*N34 -> 0.028845757 | AO34: 0 | AQ34: =AO34/I34 -> 0 | AR34: 0 | AS34: =AQ34*K34 -> 0 | AT34: =AQ34*L34 -> 0 | AU34: =AQ34*M34 -> 0 | AV34: =AQ34*N34 -> 0 | AY34: 0 | BA34: =AY34/I34 -> 0 | BB34: 0 | BC34: =BA34*K34 -> 0 | BD34: =BA34*L34 -> 0 | BE34: =BA34*M34 -> 0 | BF34: =BA34*N34 -> 0 | BJ34: 0 | BL34: =BJ34/I34 -> 0 | BM34: =BL34*J34 -> 0 | BN34: =BL34*K34 -> 0 | BO34: =BL34*L34 -> 0 | BP34: =BL34*M34 -> 0 | BQ34: =BL34*N34 -> 0 | BU34: 0 | BW34: 0 | BX34: =BW34*U34 -> 0 | BY34: =BW34*V34 -> 0 | BZ34: =BW34*W34 -> 0 | CA34: =BW34*X34 -> 0 | CB34: =BW34*Y34 -> 0 | CF34: 0 | CH34: 0 | CI34: =CH34*AF34 -> 0 | CJ34: =CH34*AG34 -> 0 | CK34: =CH34*AH34 -> 0 | CL34: =CH34*AI34 -> 0 | CM34: =CH34*AJ34 -> 0
A35: Sauces, dressings, and gravies | B35: 67.8 | C35: 3.2 | D35: 67.8 (2.8) | E35: 3.2 (0.1) | F35: =B35/I35 -> 8.883883 | G35: =F35*J35 -> 0.25610709 | I35: ='nutrient content'!B44*0.2/100+0.8*'nutrient content'!B275/100 -> 7.631798 | J35: ='nutrient content'!C44*0.2/100+0.8*'nutrient content'!C275/100 -> 0.028828283 | K35: =0.1*enviro!AD12+0.1*enviro!AD13+0.8*enviro!AD16 -> 0.014609151 | L35: =0.1*enviro!AE12+0.1*enviro!AE13+0.8*enviro!AE16 -> 0.43290178 | M35: =0.1*enviro!AF12+0.1*enviro!AF13+0.8*enviro!AF16 -> 6.5255908 | N35: =0.1*enviro!AG12+0.1*enviro!AG13+0.8*enviro!AG16 -> 0.0025373337 | O35: assumed 80% average fats, 10% grains, 10% refined grains | U35: =B35*$U$46 -> 104.6832 | W35: =U35/I35 -> 13.716715 | X35: =W35*J35 -> 0.39542935 | Y35: =$W35*K35 -> 0.20038957 | Z35: =$W35*L35 -> 5.9379904 | AA35: =$W35*M35 -> 89.509672 | AB35: =$W35*N35 -> 0.034803883 | AE35: =U35 -> 104.6832 | AG35: =AE35/I35 -> 13.716715 | AH35: =AG35*J35 -> 0.39542935 | AI35: =$AG35*K35 -> 0.20038957 | AJ35: =$AG35*L35 -> 5.9379904 | AK35: =$AG35*M35 -> 89.509672 | AL35: =$AG35*N35 -> 0.034803883 | AO35: 0 | AQ35: =AO35/I35 -> 0 | AR35: 0 | AS35: =AQ35*K35 -> 0 | AT35: =AQ35*L35 -> 0 | AU35: =AQ35*M35 -> 0 | AV35: =AQ35*N35 -> 0 | AY35: 0 | BA35: =AY35/I35 -> 0 | BB35: 0 | BC35: =BA35*K35 -> 0 | BD35: =BA35*L35 -> 0 | BE35: =BA35*M35 -> 0 | BF35: =BA35*N35 -> 0 | BJ35: 0 | BL35: =BJ35/I35 -> 0 | BM35: =BL35*J35 -> 0 | BN35: =BL35*K35 -> 0 | BO35: =BL35*L35 -> 0 | BP35: =BL35*M35 -> 0 | BQ35: =BL35*N35 -> 0 | BU35: 0 | BW35: 0 | BX35: =BW35*U35 -> 0 | BY35: =BW35*V35 -> 0 | BZ35: =BW35*W35 -> 0 | CA35: =BW35*X35 -> 0 | CB35: =BW35*Y35 -> 0 | CF35: 0 | CH35: 0 | CI35: =CH35*AF35 -> 0 | CJ35: =CH35*AG35 -> 0 | CK35: =CH35*AH35 -> 0 | CL35: =CH35*AI35 -> 0 | CM35: =CH35*AJ35 -> 0
A36: Ice cream and ice pops | B36: 40.3 | C36: 1.9 | D36: 40.3 (2.6) | E36: 1.9 (0.1) | F36: =B36/I36 -> 10.596092 | G36: =F36*J36 -> 0.18745665 | I36: =0.67*'nutrient content'!B60/100+0.17*'nutrient content'!L210/100+0.17*'nutrient content'!B280/100 -> 3.8032889 | J36: =0.67*'nutrient content'!C60/100+0.17*'nutrient content'!M210/100+0.17*'nutrient content'!C280/100 -> 0.017691111 | K36: =0.67*enviro!R248+0.165*enviro!R33+0.165*enviro!R44 -> 0.0019797908 | L36: =0.67*enviro!S248+0.165*enviro!S33+0.165*enviro!S44 -> 0.013602906 | M36: =0.67*enviro!T248+0.165*enviro!T33+0.165*enviro!T44 -> 1.59687 | N36: =0.67*enviro!U248+0.165*enviro!U33+0.165*enviro!U44 -> 0.00059652625 | O36: assumed 50% ice pop+50% ice cream--> 50% sugar +17% sugar 17% milk fat and 17% milk | U36: =B36*$U$46 -> 62.2232 | W36: =U36/I36 -> 16.360366 | X36: =W36*J36 -> 0.28943306 | Y36: =$W36*K36 -> 0.032390102 | Z36: =$W36*L36 -> 0.22254853 | AA36: =$W36*M36 -> 26.125378 | AB36: =$W36*N36 -> 0.0097593881 | AE36: =U36 -> 62.2232 | AG36: =AE36/I36 -> 16.360366 | AH36: =AG36*J36 -> 0.28943306 | AI36: =$AG36*K36 -> 0.032390102 | AJ36: =$AG36*L36 -> 0.22254853 | AK36: =$AG36*M36 -> 26.125378 | AL36: =$AG36*N36 -> 0.0097593881 | AO36: 0 | AQ36: =AO36/I36 -> 0 | AR36: 0 | AS36: =AQ36*K36 -> 0 | AT36: =AQ36*L36 -> 0 | AU36: =AQ36*M36 -> 0 | AV36: =AQ36*N36 -> 0 | AY36: 0 | BA36: =AY36/I36 -> 0 | BB36: 0 | BC36: =BA36*K36 -> 0 | BD36: =BA36*L36 -> 0 | BE36: =BA36*M36 -> 0 | BF36: =BA36*N36 -> 0 | BJ36: 0 | BL36: =BJ36/I36 -> 0 | BM36: =BL36*J36 -> 0 | BN36: =BL36*K36 -> 0 | BO36: =BL36*L36 -> 0 | BP36: =BL36*M36 -> 0 | BQ36: =BL36*N36 -> 0 | BU36: 0 | BW36: 0 | BX36: =BW36*U36 -> 0 | BY36: =BW36*V36 -> 0 | BZ36: =BW36*W36 -> 0 | CA36: =BW36*X36 -> 0 | CB36: =BW36*Y36 -> 0 | CF36: 0 | CH36: 0 | CI36: =CH36*AF36 -> 0 | CJ36: =CH36*AG36 -> 0 | CK36: =CH36*AH36 -> 0 | CL36: =CH36*AI36 -> 0 | CM36: =CH36*AJ36 -> 0
A37: Sweet snacks | B37: 57.4 | C37: 2.8 | D37: 57.4 (3.0) | E37: 2.8 (0.1) | F37: =B37/I37 -> 16.753837 | G37: =F37*J37 -> 1.9140667 | I37: =0.2*'nutrient content'!B60/100+0.8*'nutrient content'!B44/100 -> 3.4260808 | J37: =0.2*'nutrient content'!C60/100+0.8*'nutrient content'!C44/100 -> 0.11424646 | K37: =0.8*enviro!AD13+0.2*enviro!R248 -> 0.0047069498 | L37: =0.8*enviro!AE13+0.2*enviro!S248 -> 0.079023291 | M37: =0.8*enviro!AF13+0.2*enviro!T248 -> 0.94560202 | N37: =0.8*enviro!AG13+0.2*enviro!U248 -> 0.00043261901 | O37: assumed 80% grains+20% sugar | U37: =B37*$U$46 -> 88.6256 | W37: =U37/I37 -> 25.867925 | X37: =W37*J37 -> 2.9553189 | Y37: =$W37*K37 -> 0.12175902 | Z37: =$W37*L37 -> 2.0441685 | AA37: =$W37*M37 -> 24.460762 | AB37: =$W37*N37 -> 0.011190956 | AE37: =U37 -> 88.6256 | AG37: =AE37/I37 -> 25.867925 | AH37: =AG37*J37 -> 2.9553189 | AI37: =$AG37*K37 -> 0.12175902 | AJ37: =$AG37*L37 -> 2.0441685 | AK37: =$AG37*M37 -> 24.460762 | AL37: =$AG37*N37 -> 0.011190956 | AO37: 0 | AQ37: =AO37/I37 -> 0 | AR37: 0 | AS37: =AQ37*K37 -> 0 | AT37: =AQ37*L37 -> 0 | AU37: =AQ37*M37 -> 0 | AV37: =AQ37*N37 -> 0 | AY37: 0 | BA37: =AY37/I37 -> 0 | BB37: 0 | BC37: =BA37*K37 -> 0 | BD37: =BA37*L37 -> 0 | BE37: =BA37*M37 -> 0 | BF37: =BA37*N37 -> 0 | BJ37: 0 | BL37: =BJ37/I37 -> 0 | BM37: =BL37*J37 -> 0 | BN37: =BL37*K37 -> 0 | BO37: =BL37*L37 -> 0 | BP37: =BL37*M37 -> 0 | BQ37: =BL37*N37 -> 0 | BU37: 0 | BW37: 0 | BX37: =BW37*U37 -> 0 | BY37: =BW37*V37 -> 0 | BZ37: =BW37*W37 -> 0 | CA37: =BW37*X37 -> 0 | CB37: =BW37*Y37 -> 0 | CF37: 0 | CH37: 0 | CI37: =CH37*AF37 -> 0 | CJ37: =CH37*AG37 -> 0 | CK37: =CH37*AH37 -> 0 | CL37: =CH37*AI37 -> 0 | CM37: =CH37*AJ37 -> 0
A38: Milk drinks | B38: 28.3 | C38: 1.3 | D38: 28.3 (2.3) | E38: 1.4 (0.1) | F38: =B38/I38 -> 17.703307 | G38: =F38*J38 -> 1.5882395 | I38: ='nutrient content'!L212/100 -> 1.5985714 | J38: ='nutrient content'!M212/100 -> 0.089714286 | K38: =enviro!AD8 -> 0.020793191 | L38: =enviro!AE8 -> 0.061135714 | M38: =enviro!AF8 -> 8.6341785 | N38: =enviro!AG8 -> 0.0038352347 | O38: assumed dairy | U38: =B38*$U$46 -> 43.6952 | W38: =U38/I38 -> 27.333905 | X38: =W38*J38 -> 2.4522418 | Y38: =$W38*K38 -> 0.56835912 | Z38: =$W38*L38 -> 1.6710778 | AA38: =$W38*M38 -> 236.00582 | AB38: =$W38*N38 -> 0.10483194 | AE38: =U38 -> 43.6952 | AG38: =AE38/I38 -> 27.333905 | AH38: =AG38*J38 -> 2.4522418 | AI38: =$AG38*K38 -> 0.56835912 | AJ38: =$AG38*L38 -> 1.6710778 | AK38: =$AG38*M38 -> 236.00582 | AL38: =$AG38*N38 -> 0.10483194 | AO38: 0 | AQ38: =AO38/I38 -> 0 | AR38: 0 | AS38: =AQ38*K38 -> 0 | AT38: =AQ38*L38 -> 0 | AU38: =AQ38*M38 -> 0 | AV38: =AQ38*N38 -> 0 | AY38: 0 | BA38: =AY38/I38 -> 0 | BB38: 0 | BC38: =BA38*K38 -> 0 | BD38: =BA38*L38 -> 0 | BE38: =BA38*M38 -> 0 | BF38: =BA38*N38 -> 0 | BJ38: 0 | BL38: =BJ38/I38 -> 0 | BM38: =BL38*J38 -> 0 | BN38: =BL38*K38 -> 0 | BO38: =BL38*L38 -> 0 | BP38: =BL38*M38 -> 0 | BQ38: =BL38*N38 -> 0 | BU38: 0 | BW38: 0 | BX38: =BW38*U38 -> 0 | BY38: =BW38*V38 -> 0 | BZ38: =BW38*W38 -> 0 | CA38: =BW38*X38 -> 0 | CB38: =BW38*Y38 -> 0 | CF38: 0 | CH38: 0 | CI38: =CH38*AF38 -> 0 | CJ38: =CH38*AG38 -> 0 | CK38: =CH38*AH38 -> 0 | CL38: =CH38*AI38 -> 0 | CM38: =CH38*AJ38 -> 0
A39: Desserts | B39: 24.4 | C39: 1.2 | D39: 24.4 (2.2) | E39: 1.2 (0.1) | F39: =B39/I39 -> 7.9421338 | G39: =F39*J39 -> 0.014119349 | I39: =AVERAGE('nutrient content'!B60)/100 -> 3.0722222 | J39: =AVERAGE('nutrient content'!C60)/100 -> 0.0017777778 | K39: =enviro!AD20 -> 0.029059288 | L39: =enviro!AE20 -> 0.088462475 | M39: =enviro!AF20 -> 6.1878972 | N39: =enviro!AG20 -> 0.0017614451 | O39: assumed sweets | U39: =B39*$U$46 -> 37.6736 | W39: =U39/I39 -> 12.262655 | X39: =W39*J39 -> 0.021800275 | Y39: =$W39*K39 -> 0.35634401 | Z39: =$W39*L39 -> 1.0847848 | AA39: =$W39*M39 -> 75.880046 | AB39: =$W39*N39 -> 0.021599993 | AE39: =U39 -> 37.6736 | AG39: =AE39/I39 -> 12.262655 | AH39: =AG39*J39 -> 0.021800275 | AI39: =$AG39*K39 -> 0.35634401 | AJ39: =$AG39*L39 -> 1.0847848 | AK39: =$AG39*M39 -> 75.880046 | AL39: =$AG39*N39 -> 0.021599993 | AO39: 0 | AQ39: =AO39/I39 -> 0 | AR39: 0 | AS39: =AQ39*K39 -> 0 | AT39: =AQ39*L39 -> 0 | AU39: =AQ39*M39 -> 0 | AV39: =AQ39*N39 -> 0 | AY39: 0 | BA39: =AY39/I39 -> 0 | BB39: 0 | BC39: =BA39*K39 -> 0 | BD39: =BA39*L39 -> 0 | BE39: =BA39*M39 -> 0 | BF39: =BA39*N39 -> 0 | BJ39: 0 | BL39: =BJ39/I39 -> 0 | BM39: =BL39*J39 -> 0 | BN39: =BL39*K39 -> 0 | BO39: =BL39*L39 -> 0 | BP39: =BL39*M39 -> 0 | BQ39: =BL39*N39 -> 0 | BU39: 0 | BW39: 0 | BX39: =BW39*U39 -> 0 | BY39: =BW39*V39 -> 0 | BZ39: =BW39*W39 -> 0 | CA39: =BW39*X39 -> 0 | CB39: =BW39*Y39 -> 0 | CF39: 0 | CH39: 0 | CI39: =CH39*AF39 -> 0 | CJ39: =CH39*AG39 -> 0 | CK39: =CH39*AH39 -> 0 | CL39: =CH39*AI39 -> 0 | CM39: =CH39*AJ39 -> 0
A40: French fries and other potatoe products | B40: 34 | C40: 1.5 | D40: 34.0 (2.2) | E40: 1.5 (0.1) | F40: =B40/I40 -> 50.746269 | G40: =F40*J40 -> 0.8119403 | I40: ='nutrient content'!G20/100 -> 0.67 | J40: ='nutrient content'!H20/100 -> 0.016 | K40: =enviro!AD21 -> 0.00055636766 | L40: =enviro!AE21 -> 0.013544566 | M40: =enviro!AF21 -> 0.66982759 | N40: =enviro!AG21 -> 0.00070431572 | O40: potato | U40: =B40*$U$46 -> 52.496 | W40: =U40/I40 -> 78.352239 | X40: =W40*J40 -> 1.2536358 | Y40: =$W40*K40 -> 0.043592652 | Z40: =$W40*L40 -> 1.0612471 | AA40: =$W40*M40 -> 52.482491 | AB40: =$W40*N40 -> 0.055184713 | AE40: =U40 -> 52.496 | AG40: =AE40/I40 -> 78.352239 | AH40: =AG40*J40 -> 1.2536358 | AI40: =$AG40*K40 -> 0.043592652 | AJ40: =$AG40*L40 -> 1.0612471 | AK40: =$AG40*M40 -> 52.482491 | AL40: =$AG40*N40 -> 0.055184713 | AO40: 0 | AQ40: =AO40/I40 -> 0 | AR40: 0 | AS40: =AQ40*K40 -> 0 | AT40: =AQ40*L40 -> 0 | AU40: =AQ40*M40 -> 0 | AV40: =AQ40*N40 -> 0 | AY40: =AE40*AY82 -> 0 | BA40: =AY40/I40 -> 0 | BB40: 0 | BC40: =BA40*K40 -> 0 | BD40: =BA40*L40 -> 0 | BE40: =BA40*M40 -> 0 | BF40: =BA40*N40 -> 0 | BL40: =BJ40/I40 -> 0 | BM40: =BL40*J40 -> 0 | BN40: =BL40*K40 -> 0 | BO40: =BL40*L40 -> 0 | BP40: =BL40*M40 -> 0 | BQ40: =BL40*N40 -> 0 | BW40: 0 | BX40: =BW40*U40 -> 0 | BY40: =BW40*V40 -> 0 | BZ40: =BW40*W40 -> 0 | CA40: =BW40*X40 -> 0 | CB40: =BW40*Y40 -> 0 | CH40: 0 | CI40: =CH40*AF40 -> 0 | CJ40: =CH40*AG40 -> 0 | CK40: =CH40*AH40 -> 0 | CL40: =CH40*AI40 -> 0 | CM40: =CH40*AJ40 -> 0
A41: Sandwiches and hamburgers on bun (ready-to-eat/heat) | B41: 36.9 | C41: 1.7 | D41: 36.9 (3.7) | E41: 1.7 (0.2) | F41: =B41/I41 -> 13.384246 | G41: =F41*J41 -> 2.0795285 | I41: =AVERAGE('nutrient content'!B44,'nutrient content'!L194)/100 -> 2.7569727 | J41: =AVERAGE('nutrient content'!C44,'nutrient content'!M194)/100 -> 0.15537136 | K41: =AVERAGE(enviro!AD19,enviro!AD18,enviro!AD12) -> 0.12073817 | L41: =AVERAGE(enviro!AE19,enviro!AE18,enviro!AE12) -> 0.24513398 | M41: =AVERAGE(enviro!AF19,enviro!AF18,enviro!AF12) -> 5.1004573 | N41: =AVERAGE(enviro!AG19,enviro!AG18,enviro!AG12) -> 0.0094918294 | O41: assumed an average of refined grains, poultry and red and processed meat | U41: =B41 -> 36.9 | W41: =U41/I41 -> 13.384246 | X41: =W41*J41 -> 2.0795285 | Y41: =$W41*K41 -> 1.6159893 | Z41: =$W41*L41 -> 3.2809334 | AA41: =$W41*M41 -> 68.265772 | AB41: =$W41*N41 -> 0.12704098 | AE41: =U41 -> 36.9 | AG41: =AE41/I41 -> 13.384246 | AH41: =AG41*J41 -> 2.0795285 | AI41: =$AG41*K41 -> 1.6159893 | AJ41: =$AG41*L41 -> 3.2809334 | AK41: =$AG41*M41 -> 68.265772 | AL41: =$AG41*N41 -> 0.12704098 | AO41: 0 | AQ41: =AO41/I41 -> 0 | AR41: 0 | AS41: =AQ41*K41 -> 0 | AT41: =AQ41*L41 -> 0 | AU41: =AQ41*M41 -> 0 | AV41: =AQ41*N41 -> 0 | AY41: 0 | BA41: =AY41/I41 -> 0 | BB41: 0 | BC41: =BA41*K41 -> 0 | BD41: =BA41*L41 -> 0 | BE41: =BA41*M41 -> 0 | BF41: =BA41*N41 -> 0 | BJ41: 0 | BL41: =BJ41/I41 -> 0 | BM41: =BL41*J41 -> 0 | BN41: =BL41*K41 -> 0 | BO41: =BL41*L41 -> 0 | BP41: =BL41*M41 -> 0 | BQ41: =BL41*N41 -> 0 | BU41: 0 | BW41: 0 | BX41: =BW41*U41 -> 0 | BY41: =BW41*V41 -> 0 | BZ41: =BW41*W41 -> 0 | CA41: =BW41*X41 -> 0 | CB41: =BW41*Y41 -> 0 | CF41: 0 | CH41: 0 | CI41: =CH41*AF41 -> 0 | CJ41: =CH41*AG41 -> 0 | CK41: =CH41*AH41 -> 0 | CL41: =CH41*AI41 -> 0 | CM41: =CH41*AJ41 -> 0
A42: Instant and canned soups | B42: 17.8 | C42: 1 | D42: 17.8 (1.6) | E42: 1.1 (0.1) | F42: =B42/I42 -> 93.684211 | G42: =F42*J42 -> 0.56210526 | I42: ='nutrient content'!B117/100 -> 0.19 | J42: ='nutrient content'!C117/100 -> 0.006 | K42: =enviro!AD22 -> 0.0012712095 | L42: =enviro!AE22 -> 0.022446556 | M42: =enviro!AF22 -> 1.4468796 | N42: =enviro!AG22 -> 0.00069335678 | O42: assumed vegetables | U42: =B42*$U$46 -> 27.4832 | W42: =U42/I42 -> 144.64842 | X42: =W42*J42 -> 0.86789053 | Y42: =$W42*K42 -> 0.18387844 | Z42: =$W42*L42 -> 3.2468589 | AA42: =$W42*M42 -> 209.28884 | AB42: =$W42*N42 -> 0.10029296 | AE42: =U42 -> 27.4832 | AG42: =AE42/I42 -> 144.64842 | AH42: =AG42*J42 -> 0.86789053 | AI42: =$AG42*K42 -> 0.18387844 | AJ42: =$AG42*L42 -> 3.2468589 | AK42: =$AG42*M42 -> 209.28884 | AL42: =$AG42*N42 -> 0.10029296 | AO42: 0 | AQ42: =AO42/I42 -> 0 | AR42: 0 | AS42: =AQ42*K42 -> 0 | AT42: =AQ42*L42 -> 0 | AU42: =AQ42*M42 -> 0 | AV42: =AQ42*N42 -> 0 | AY42: 0 | BA42: =AY42/I42 -> 0 | BB42: 0 | BC42: =BA42*K42 -> 0 | BD42: =BA42*L42 -> 0 | BE42: =BA42*M42 -> 0 | BF42: =BA42*N42 -> 0 | BJ42: 0 | BL42: =BJ42/I42 -> 0 | BM42: =BL42*J42 -> 0 | BN42: =BL42*K42 -> 0 | BO42: =BL42*L42 -> 0 | BP42: =BL42*M42 -> 0 | BQ42: =BL42*N42 -> 0 | BU42: 0 | BW42: 0 | BX42: =BW42*U42 -> 0 | BY42: =BW42*V42 -> 0 | BZ42: =BW42*W42 -> 0 | CA42: =BW42*X42 -> 0 | CB42: =BW42*Y42 -> 0 | CF42: 0 | CH42: 0 | CI42: =CH42*AF42 -> 0 | CJ42: =CH42*AG42 -> 0 | CK42: =CH42*AH42 -> 0 | CL42: =CH42*AI42 -> 0 | CM42: =CH42*AJ42 -> 0
A43: Other ultraprocessed foods | B43: 65.5 | C43: 2.9 | D43: 65.6 (2.9) | E43: 2.9 (0.1) | F43: =B43/I43 -> 23.886401 | G43: =F43*J43 -> 1.7385511 | I43: =AVERAGE(I26:I42) -> 2.742146 | J43: =AVERAGE(J26:J42) -> 0.072784138 | K43: =AVERAGE(K26:K42) -> 0.027886979 | L43: =AVERAGE(L26:L42) -> 0.12438457 | M43: =AVERAGE(M26:M42) -> 3.9937235 | N43: =AVERAGE(N26:N42) -> 0.0028641287 | O43: average of all foods in the category | U43: =B43 -> 65.5 | W43: =U43/I43 -> 23.886401 | X43: =W43*J43 -> 1.7385511 | Y43: =$W43*K43 -> 0.66611956 | Z43: =$W43*L43 -> 2.9710998 | AA43: =$W43*M43 -> 95.395682 | AB43: =$W43*N43 -> 0.068413727 | AE43: =U43 -> 65.5 | AG43: =AE43/I43 -> 23.886401 | AH43: =AG43*J43 -> 1.7385511 | AI43: =$AG43*K43 -> 0.66611956 | AJ43: =$AG43*L43 -> 2.9710998 | AK43: =$AG43*M43 -> 95.395682 | AL43: =$AG43*N43 -> 0.068413727 | AO43: 0 | AQ43: =AO43/I43 -> 0 | AR43: 0 | AS43: =AQ43*K43 -> 0 | AT43: =AQ43*L43 -> 0 | AU43: =AQ43*M43 -> 0 | AV43: =AQ43*N43 -> 0 | AY43: 0 | BA43: =AY43/I43 -> 0 | BB43: 0 | BC43: =BA43*K43 -> 0 | BD43: =BA43*L43 -> 0 | BE43: =BA43*M43 -> 0 | BF43: =BA43*N43 -> 0 | BJ43: 0 | BL43: =BJ43/I43 -> 0 | BM43: =BL43*J43 -> 0 | BN43: =BL43*K43 -> 0 | BO43: =BL43*L43 -> 0 | BP43: =BL43*M43 -> 0 | BQ43: =BL43*N43 -> 0 | BU43: 0 | BW43: 0 | BX43: =BW43*U43 -> 0 | BY43: =BW43*V43 -> 0 | BZ43: =BW43*W43 -> 0 | CA43: =BW43*X43 -> 0 | CB43: =BW43*Y43 -> 0 | CF43: 0 | CH43: 0 | CI43: =CH43*AF43 -> 0 | CJ43: =CH43*AG43 -> 0 | CK43: =CH43*AH43 -> 0 | CL43: =CH43*AI43 -> 0 | CM43: =CH43*AJ43 -> 0
A44: Nondisaggregated mixed dishes (without a Nova assignation) | B44: — | C44: — | D44: 39.3 (3.8) | E44: 1.7 (0.2) | BJ44: 0 | BU44: 0 | BW44: 0 | BY44: =BW44*V44 -> 0 | CF44: 0
A45: Total | B45: 2085.2 | C45: =SUM(C25,C20,C15,C3) -> 100 | D45: 2085.2 (14.1) | E45: 100 | F45: =SUM(F4:F43) -> 1259.1133 | G45: =SUM(G4:G43) -> 98.128577 | U45: =SUM(U4:U43) -> 2500.3896 | W45: =SUM(W4:W43) -> 1574.0692 | X45: =SUM(X4:X43) -> 105.88118 | Y45: =SUM(Y4:Y43) -> 44.487818 | Z45: =SUM(Z4:Z43) -> 133.5159 | AA45: =SUM(AA4:AA43) -> 5164.3347 | AB45: =SUM(AB4:AB43) -> 4.4393805 | AE45: =SUM(AE4:AE43) -> 1636.7656 | AG45: =SUM(AG4:AG43) -> 1080.3398 | AH45: =SUM(AH4:AH43) -> 50.996617 | AI45: =SUM(AI4:AI43) -> 17.911652 | AJ45: =SUM(AJ4:AJ43) -> 76.926136 | AK45: =SUM(AK4:AK43) -> 2706.2675 | AL45: =SUM(AL4:AL43) -> 2.0482598 | AO45: =SUM(AO4:AO43) -> 2499.6447 | AQ45: =SUM(AQ4:AQ43) -> 791.60545 | AR45: =SUM(AR4:AR43) -> 67.285005 | AS45: =SUM(AS4:AS43) -> 34.455161 | AT45: =SUM(AT4:AT43) -> 130.77863 | AU45: =SUM(AU4:AU43) -> 3732.3148 | AV45: =SUM(AV4:AV43) -> 3.4338511 | AY45: =SUM(AY4:AY43) -> 2499.6958 | BA45: =SUM(BA4:BA43) -> 903.00226 | BB45: =SUM(BB4:BB43) -> 100.84519 | BC45: =SUM(BC4:BC43) -> 45.605543 | BD45: =SUM(BD4:BD43) -> 136.17875 | BE45: =SUM(BE4:BE43) -> 4159.6464 | BF45: =SUM(BF4:BF43) -> 4.3271753 | BJ45: =SUM(BJ4:BJ44) -> 2499.5161 | BL45: =SUM(BL4:BL43) -> 1024.6983 | BM45: =SUM(BM4:BM43) -> 134.26709 | BN45: =SUM(BN4:BN43) -> 58.651122 | BO45: =SUM(BO4:BO43) -> 143.79535 | BP45: =SUM(BP4:BP43) -> 4824.5305 | BQ45: =SUM(BQ4:BQ43) -> 5.3948616 | BU45: =SUM(BU4:BU44) -> 2499.6401 | BW45: 0 | BX45: =SUM(BX4:BX43) -> 134.37531 | BY45: =SUM(BY4:BY44) -> 45.473134 | BZ45: =SUM(BZ4:BZ43) -> 120.22886 | CA45: =SUM(CA4:CA43) -> 3877.1384 | CB45: =SUM(CB4:CB43) -> 4.1035051 | CF45: =SUM(CF4:CF44) -> 2500.1876 | CH45: =SUM(CH4:CH43) -> 879.25961 | CI45: =SUM(CI4:CI43) -> 134.21656 | CJ45: =SUM(CJ4:CJ43) -> 58.080131 | CK45: =SUM(CK4:CK43) -> 144.52337 | CL45: =SUM(CL4:CL43) -> 4485.946 | CM45: =SUM(CM4:CM43) -> 5.4393462
T46: scaling factor | U46: =1.544 -> 1.544 | BI46: multipication factor | BJ46: 4.26 | BT46: multipication factor | CE46: multipication factor | CF46: 4.26
W47: per year | Y47: =Y45*365 -> 16238.054 | Z47: =Z45*365 -> 48733.304 | AA47: =AA45*365 -> 1884982.2 | AB47: =AB45*365 -> 1620.3739 | AG47: per year | AI47: =AI45*365 -> 6537.7529 | AJ47: =AJ45*365 -> 28078.04 | AK47: =AK45*365 -> 987787.63 | AL47: =AL45*365 -> 747.61481 | AQ47: per year | AS47: =AS45*365 -> 12576.134 | AT47: =AT45*365 -> 47734.202 | AU47: =AU45*365 -> 1362294.9 | AV47: =AV45*365 -> 1253.3556 | BA47: per year | BC47: =BC45*365 -> 16646.023 | BD47: =BD45*365 -> 49705.243 | BE47: =BE45*365 -> 1518270.9 | BF47: =BF45*365 -> 1579.419 | BL47: per year | BN47: =BN45*365 -> 21407.659 | BO47: =BO45*365 -> 52485.304 | BP47: =BP45*365 -> 1760953.6 | BQ47: =BQ45*365 -> 1969.1245 | BW47: per year | BY47: =BY45*365 -> 16597.694 | BZ47: =BZ45*365 -> 43883.535 | CA47: =CA45*365 -> 1415155.5 | CB47: =CB45*365 -> 1497.7793 | CH47: per year | CJ47: =CJ45*365 -> 21199.248 | CK47: =CK45*365 -> 52751.03 | CL47: =CL45*365 -> 1637370.3 | CM47: =CM45*365 -> 1985.3614
A48: Columns A, B, C, D and E are taken from Table 4 from | AE48: =AE45/U45 -> 0.65460423 | AX48: non meat protein | AY48: =SUM(AH5,AH6,AH7,AH8,AH9,AH10,AH11,AH18,AH21,AH13,AH23) -> 0 | BI48: non protein | BJ48: =SUM(AH5,AH7,AH8,AH10,AH13,AH23) -> 0 | BT48: non protein | BU48: =SUM(AS5,AS7,AS8,AS10,AS13,AS23) -> 0.61883501 | CE48: non protein | CF48: =SUM(BD5,BD7,BD8,BD10,BD13,BD23) -> 14.548978
A49: https://www.sciencedirect.com/science/article/pii/S0022316622110011?via%3Dihub#appsec1 | V49: g protein/g | W49: =X45/84 -> 1.2604903 | AX49: meat protein | AY49: =SUM(AH4,AH12,AH14,AH22,AH24) -> 0 | BI49: protein | BJ49: =SUM(AH4,AH6,AH9,AH11,AH12,AH14,AH21,AH22,AH24) -> 0 | BT49: protein | BU49: =SUM(AS4,AS6,AS9,AS11,AS12,AS14,AS21,AS22,AS24) -> 29.917612 | CE49: protein | CF49: =SUM(BD4,BD6,BD9,BD11,BD12,BD14,BD21,BD22,BD24) -> 71.132021
AX50: target protein | AY50: =X45 -> 105.88118 | BI50: target protein | BJ50: =X45*1.3 -> 137.64554 | BT50: target protein | BU50: =AI45*1.3 -> 23.285147 | CE50: target protein | CF50: =AT45*1.3 -> 170.01222
AE52: Animal portion of UPFs
AD53: =A28 -> Reconstituted meat or fish products | AE53: =K28 -> 0.11887542 | AF53: =L28 -> 0.19783524 | AG53: =M28 -> 4.7083998 | AH53: =N28 -> 0.012212755 | AI53: =($AG28*AE53+$AG30*AE54+$AG32*AE55+$AG36*AE56+$AG38*AE57+$AG41*AE58)*365 -> 4938.9947 | AJ53: =($AG28*AF53+$AG30*AF54+$AG32*AF55+$AG36*AF56+$AG38*AF57+$AG41*AF58)*365 -> 9299.0233 | AK53: =($AG28*AG53+$AG30*AG54+$AG32*AG55+$AG36*AG56+$AG38*AG57+$AG41*AG58)*365 -> 381531.24 | AL53: =($AG28*AH53+$AG30*AH54+$AG32*AH55+$AG36*AH56+$AG38*AH57+$AG41*AH58)*365 -> 507.17742
AD54: =A30 -> Frozen and shelf-stable plate meals | AE54: =0.7*AVERAGE(enviro!AD12,enviro!AD18,enviro!AD19) -> 0.084516719 | AF54: =0.7*AVERAGE(enviro!AE12,enviro!AE18,enviro!AE19) -> 0.17159379 | AG54: =0.7*AVERAGE(enviro!AF12,enviro!AF18,enviro!AF19) -> 3.5703201 | AH54: =0.7*AVERAGE(enviro!AG12,enviro!AG18,enviro!AG19) -> 0.0066442806
AD55: =A32 -> Pizza (ready-to-eat/heat) | AE55: =0.35*enviro!R55 -> 0.0147441 | AF55: =0.35*enviro!S55 -> 0.0433503 | AG55: =0.35*enviro!T55 -> 7.55825 | AH55: =0.35*enviro!U55 -> 0.0027195
AD56: =A36 -> Ice cream and ice pops | AE56: =0.165*enviro!R33+0.165*enviro!R44 -> 0.0017780908 | AF56: =0.165*enviro!S33+0.165*enviro!S44 -> 0.0052279061 | AG56: =0.165*enviro!T33+0.165*enviro!T44 -> 0.91146 | AH56: =0.165*enviro!U33+0.165*enviro!U44 -> 0.00032796291
AD57: =btbl4fn9 -> Milk drinks | AE57: =enviro!AD8 -> 0.020793191 | AF57: =enviro!AE8 -> 0.061135714 | AG57: =enviro!AF8 -> 8.6341785 | AH57: =enviro!AG8 -> 0.0038352347
AD58: =A41 -> Sandwiches and hamburgers on bun (ready-to-eat/heat) | AE58: =AVERAGE(enviro!AD19,enviro!AD18,enviro!AD12) -> 0.12073817 | AF58: =AVERAGE(enviro!AE19,enviro!AE18,enviro!AE12) -> 0.24513398 | AG58: =AVERAGE(enviro!AF19,enviro!AF18,enviro!AF12) -> 5.1004573 | AH58: =AVERAGE(enviro!AG19,enviro!AG18,enviro!AG12) -> 0.0094918294
A74: Including soy products such as meatless patties and fish sticks; dips, spreads, mustard, and catsup; margarine; sugar substitutes, sweeteners, and all syrups (excluding 100% maple syrup); distilled alcoholic drinks; infant formula.
A75: 13
A76: See decision E in Table 2. SR code, standard reference code or ingredient code from the USDA National Nutrient Database for Standard Reference.
A77: n
A78: Values presented are Mean (SE).

Sheet nutrient content
A1: EM | B1: CALORIES | C1: PROTEIN | D1: FAT | F1: ITEM | G1: CALORIES | H1: PROTEIN | I1: FAT
B2: kcal/100g | C2: g/100g | D2: g/1005 | G2: kcal/100g | H2: g/100g | I2: g/1005
A3: CEREALS AND PRODUCTS | F3: QUINOA | G3: 342 | H3: 12 | I3: 5
A4: WHEAT | B4: 334 | C4: 12.2 | D4: 2.3 | F4: FONIO | G4: 338 | H4: 8 | I4: 3
A5: FLOUR OF WHEAT | B5: 364 | C5: 10.9 | D5: 1.1 | F5: FLOUR OF FONIO | G5: 355 | H5: 9 | I5: 2.2
A6: BRAN OF WHEAT | B6: 213 | C6: 12.1 | D6: 3.1 | F6: TRITICALE | G6: 327 | H6: 11.6 | I6: 2.1
A7: MACARONI | B7: 367 | C7: 11 | D7: 1.1 | F7: FLOUR OF TRITICALE | G7: 341 | H7: 11.4 | I7: 2.1
A8: GERM OF WHEAT | B8: 382 | C8: 29.1 | D8: 10.7 | F8: CANARY SEED | G8: 388 | H8: 16 | I8: 6
A9: BREAD | B9: 249 | C9: 8.2 | D9: 1.2 | F9: MIXED GRAIN | G9: 340 | H9: 8 | I9: 1.5
A10: BULGUR WHOLEMEAL | B10: 345 | C10: 12.3 | D10: 2 | F10: FLOUR OF MIXED GRAIN | G10: 364 | H10: 10 | I10: 1.1
A11: PASTRY | B11: 369 | C11: 7.4 | D11: 17 | F11: CEREALS NES | G11: 340 | H11: 8 | I11: 1.5
A12: WHEAT STARCH | B12: 362 | C12: 0.5 | D12: 0.3 | F12: WAFERS | G12: 439 | H12: 9.2 | I12: 13.1
A13: WHEAT GLUTEN | B13: 380 | C13: 95 | D13: 0 | F13: FLOUR OF CEREALS | G13: 364 | H13: 10 | I13: 1.1
A14: RICE PADDY | B14: 280 | C14: 6 | D14: 1.4 | F14: BREAKFAST CEREALS | G14: 389 | H14: 7.4 | I14: 0.7
A15: RICE HUSKED | B15: 357 | C15: 7.5 | D15: 1.8 | F15: CEREALS PREPARED NES | G15: 364 | H15: 10 | I15: 1.1
... A17: RICE BROKEN | B17: 360 | C17: 6.7 | D17: 0.7 | F17: FOOD PREPARATIONS FLOUR | G17: 377 | H17: 7.5 | I17: 2.7
A18: RICE FLOUR | B18: 366 | C18: 6.4 | D18: 0.8
A19: RICE GLUTEN | B19: 380 | C19: 95 | D19: 0 | F19: ROOTS, TUBERS AND PRODUCTS
A20: RICE STARCH | B20: 362 | C20: 0.5 | D20: 0.3 | F20: POTATOES | G20: 67 | H20: 1.6 | I20: 0.1
A21: BRAN OF RICE | B21: 276 | C21: 13.3 | D21: 15.8 | F21: FLOUR OF POTATOES | G21: 349 | H21: 8.5 | I21: 0.4
A22: BARLEY | B22: 332 | C22: 11 | D22: 1.8 | F22: POTATOES FROZEN | G22: 73 | H22: 1.2 | I22: 0
A23: POT BARLEY | B23: 348 | C23: 9.6 | D23: 1.1 | F23: POTATO STARCH | G23: 362 | H23: 0.5 | I23: 0.3
A24: BARLEY PEARLED | B24: 346 | C24: 9 | D24: 1.4 | F24: POTATO TAPIOCA | G24: 362 | H24: 0.5 | I24: 0.3
A25: BARLEY FLOUR AND GRITS | B25: 343 | C25: 9.2 | D25: 1.7 | F25: SWEET POTATOES | G25: 92 | H25: 0.7 | I25: 0.2
A26: MALT OF BARLEY | B26: 368 | C26: 13.1 | D26: 1.9 | F26: CASSAVA | G26: 109 | H26: 0.9 | I26: 0.2
A27: MALT EXTRACTS | B27: 367 | C27: 6 | D27: 0 | F27: FLOUR OF CASSAVA | G27: 338 | H27: 1.5 | I27: 0.6
A28: MAIZE | B28: 356 | C28: 9.5 | D28: 4.3 | F28: CASSAVA TAPIOCA | G28: 362 | H28: 0.5 | I28: 0.3
A29: GERM OF MAIZE | B29: 373 | C29: 11.1 | D29: 38.5 | F29: CASSAVA DRIED | G29: 255 | H29: 2.8 | I29: 0.7
A30: FLOUR OF MAIZE | B30: 363 | C30: 8.4 | D30: 1.2 | F30: CASSAVA STARCH | G30: 362 | H30: 0.5 | I30: 0.3
A31: MAIZE GLUTEN | B31: 380 | C31: 95 | D31: 0 | F31: YAUTIA (COCOYAM) | G31: 109 | H31: 1.7 | I31: 0.3
... A36: OATS | B36: 385 | C36: 13 | D36: 7.5 | F36: ROOTS, TUBERS DRIED | G36: 282 | H36: 5 | I36: 0.6
A37: OATS ROLLED | B37: 384 | C37: 16 | D37: 6.3 | G37: =AVERAGE(G20:G36) -> 216.58824 | H37: =AVERAGE(H20:H36) -> 2.0764706 | I37: =AVERAGE(I20:I36) -> 0.32352941
A38: MILLET | B38: 340 | C38: 9.7 | D38: 3 | F38: SUGAR AND SYRUPS
A39: FLOUR OF MILLET | B39: 340 | C39: 9.7 | D39: 3 | F39: SUGAR CANE | G39: 30 | H39: 0.2 | I39: 0
A40: SORGHUM | B40: 343 | C40: 10.1 | D40: 3.3 | F40: SUGAR BEETS | G40: 70 | H40: 1.3 | I40: 0.1
A41: FLOUR OF SORGHM | B41: 343 | C41: 10.1 | D41: 3.3 | F41: SUGAR CROPS NES | G41: 390 | H41: 0 | I41: 0
A42: BUCKWHEAT | B42: 330 | C42: 11 | D42: 2 | F42: SUGAR, CENTRIFUGAL RAW | G42: 373 | H42: 0 | I42: 0
A43: FLOUR OF BUCKWHEAT | B43: 344 | C43: 6.4 | D43: 1.2 | F43: SUGAR REFINED | G43: 387 | H43: 0 | I43: 0
B44: =AVERAGE(B4:B43,G3:G17) -> 351.45455 | C44: =AVERAGE(C4:C43,H3:H17) -> 14.236364 | D44: =AVERAGE(D4:D43,I3:I17) -> 3.7327273
A47: SUGAR, NONCENTRIFUGAL | B47: 351 | C47: 1 | D47: 0 | F47: CAKE OF SOYA BEANS | G47: 261 | H47: 46 | I47: 5
A48: MOLASSES | B48: 232 | C48: 0 | D48: 0 | F48: SOYA SAUCE | G48: 56 | H48: 5.5 | I48: 0.5
A49: MAPLE SUGAR | B49: 348 | C49: 0 | D49: 0 | F49: SOYA PASTE | G49: 114 | H49: 11 | I49: 5.8
A50: SUGAR AND SYRUP NES | B50: 310 | C50: 0 | D50: 0 | F50: SOYA CURD | G50: 58 | H50: 6.3 | I50: 3.1
A51: SUGAR CONFECTIONERY | B51: 310 | C51: 0 | D51: 0 | F51: GROUNDNUTS IN SHELL | G51: 414 | H51: 18.7 | I51: 35.9
A52: SUGARS FLAVOURED | B52: 310 | C52: 0 | D52: 0 | F52: GROUNDNUTS SHELLED | G52: 567 | H52: 25.7 | I52: 49.2
A53: GLUCOSE AND DEXTROSE | B53: 368 | C53: 0 | D53: 0 | F53: CAKE OF GROUNDNUTS | G53: 363 | H53: 41.7 | I53: 7.6
A54: LACTOSE | B54: 387 | C54: 0 | D54: 0 | F54: GROUNDNUTS PREPARED | G54: 580 | H54: 26.8 | I54: 49.2
A55: ISOGLUCOSE | B55: 318 | C55: 0 | D55: 0 | F55: PEANUT BUTTER | G55: 589 | H55: 24.3 | I55: 50
A56: FRUCTOSE CHEMICAL | B56: 375 | C56: 0 | D56: 0 | F56: COCONUTS | G56: 184 | H56: 1.7 | I56: 17.4
A57: OTHER FRUCTOSE | B57: 298 | C57: 0.3 | D57: 0 | F57: COCONUTS DESICCATED | G57: 660 | H57: 6.9 | I57: 64.5
A58: MALTOSE CHEMICAL | B58: 375 | C58: 0 | D58: 0 | F58: COPRA | G58: 636 | H58: 6 | I58: 61.4
A59: HONEY | B59: 298 | C59: 0.4 | D59: 0 | F59: OIL PALM FRUIT | G59: 158 | H59: 0.3 | I59: 13.2
B60: =AVERAGE(G39:G43,B47:B59) -> 307.22222 | C60: =AVERAGE(H39:H43,C47:C59) -> 0.17777778 | D60: =AVERAGE(I39:I43,D47:D59) -> 0.0055555556 | F60: PALM KERNELS | G60: 514 | H60: 7.3 | I60: 43.4
A61: PULSES | F61: OLIVES | G61: 175 | H61: 1.3 | I61: 17.5
A62: BEANS, DRY | B62: 341 | C62: 22.1 | D62: 1.7 | F62: OLIVES,PRESERVED | G62: 109 | H62: 1.1 | I62: 11.1
A63: BROAD BEANS DRY | B63: 343 | C63: 23.4 | D63: 2 | F63: KARITE NUTS | G63: 579 | H63: 6.8 | I63: 49
A64: PEAS, DRY | B64: 346 | C64: 22.5 | D64: 1.8 | F64: SUNFLOWER SEED | G64: 308 | H64: 12.3 | I64: 26.8
A65: CHICK-PEAS | B65: 358 | C65: 20.1 | D65: 4.5 | F65: RAPESEED | G65: 494 | H65: 19.6 | I65: 45
A66: COW PEAS DRY | B66: 342 | C66: 23.4 | D66: 1.8 | F66: SAFFLOWER | G66: 314 | H66: 9.7 | I66: 30.3
A67: PIGEON PEAS | B67: 343 | C67: 20.9 | D67: 1.7 | F67: SESAME SEED | G67: 573 | H67: 17.7 | I67: 49.7
A68: LENTILS | B68: 346 | C68: 24.2 | D68: 1.8 | F68: CAKE OF SESAME SEED | G68: 376 | H68: 40.7 | I68: 3.4
A69: BAMBARA BEANS | B69: 365 | C69: 17.7 | D69: 6.3 | F69: MUSTARD SEED | G69: 469 | H69: 24.9 | I69: 28.8
A70: VETCHES | B70: 325 | C70: 31.5 | D70: 1.9 | F70: FLOUR OF MUSTARD SEED | G70: 469 | H70: 26.4 | I70: 36.3
A71: LUPINS | B71: 390 | C71: 40 | D71: 13 | F71: POPPY SEED | G71: 533 | H71: 18 | I71: 44.7
A72: PULSES NES | B72: 340 | C72: 22 | D72: 2 | F72: MELONSEED | G72: 400 | H72: 18.2 | I72: 33.9
A73: FLOUR OF PULSES | B73: 340 | C73: 22 | D73: 2 | F73: COTTONSEED | G73: 253 | H73: 17.3 | I73: 17.9
B74: =AVERAGE(B62:B73) -> 348.25 | C74: =AVERAGE(C62:C73) -> 24.15 | D74: =AVERAGE(D62:D73) -> 3.375 | F74: LINSEED | G74: 498 | H74: 18 | I74: 34
A75: TREENUTS | F75: OILSEEDS NES | G75: 387 | H75: 14.7 | I75: 31.7
A76: BRAZIL NUTS | B76: 315 | C76: 6.9 | D76: 31.8 | F76: FLOUR/MEAL OF OILSEEDS | G76: 393 | H76: 37.2 | I76: 15.6
A77: CASHEW NUTS | B77: 252 | C77: 7.7 | D77: 20.6
A78: CHESTNUTS | B78: 158 | C78: 1.8 | D78: 1.7 | F78: VEGETABLES AND PRODUCTS
A79: ALMONDS | B79: 236 | C79: 8 | D79: 20.9 | F79: CABBAGES | G79: 19 | H79: 1 | I79: 0.1
A80: WALNUTS | B80: 289 | C80: 6.4 | D80: 27.8 | F80: ARTICHOKES | G80: 20 | H80: 1.1 | I80: 0.1
A81: PISTACHIOS | B81: 289 | C81: 10.3 | D81: 24.2 | F81: ASPARAGUS | G81: 12 | H81: 1.6 | I81: 0.1
A82: KOLANUTS | B82: 349 | C82: 9 | D82: 2 | F82: LETTUCE | G82: 12 | H82: 1.1 | I82: 0.2
A83: HAZELNUTS | B83: 291 | C83: 6 | D83: 28.8 | F83: SPINACH | G83: 16 | H83: 2.1 | I83: 0.3
A84: ARECANUTS | B84: 245 | C84: 4.9 | D84: 4.4 | F84: CASSAVA LEAVES | G84: 53 | H84: 5.8 | I84: 1.1
A85: BRAZILNUT SHELLED | B85: 656 | C85: 14.3 | D85: 66.2 | F85: TOMATOES | G85: 17 | H85: 0.8 | I85: 0.2
A86: CASHEW NUTS SHELLED | B86: 574 | C86: 15.3 | D86: 46.4 | F86: TOMATO JUICE | G86: 17 | H86: 0.8 | I86: 0.1
A87: ALMONDS SHELLED | B87: 589 | C87: 20 | D87: 52.2 | F87: TOMATO JUICE CONCENTRATED | G87: 76 | H87: 3.4 | I87: 0.4
A88: WALNUTS SHELLED | B88: 642 | C88: 14.3 | D88: 61.9 | F88: TOMATO PASTE | G88: 84 | H88: 3.8 | I88: 0.9
A89: HAZELNUTS SHELLED | B89: 632 | C89: 13 | D89: 62.6 | F89: TOMATOES PEELED | G89: 19 | H89: 0.9 | I89: 0.2
A90: NUTS NES | B90: 262 | C90: 7 | D90: 25 | F90: CAULIFLOWER | G90: 9 | H90: 0.8 | I90: 0.1
... A92: SOYBEANS | B92: 335 | C92: 38 | D92: 18 | F92: CUCUMBERS, GHERINKS | G92: 13 | H92: 0.5 | I92: 0.1
B93: =AVERAGE(B76:B92) -> 395.82353 | C93: =AVERAGE(C76:C92) -> 11.670588 | D93: =AVERAGE(D76:D92) -> 32.394118
A96: EGGPLANTS | B96: 21 | C96: 0.9 | D96: 0.1 | F96: CITRUS FRUIT NES JUICE CONCENTRATED | G96: 157 | H96: 2.1 | I96: 0.5
A97: CHILLIES, PEPPERS,GREEN | B97: 25 | C97: 1.1 | D97: 0.3 | F97: APPLES | G97: 48 | H97: 0.1 | I97: 0.3
A98: ONIONS,SHALLOTS, GREEN | B98: 24 | C98: 1.7 | D98: 0.1 | F98: APPLES JUICE | G98: 47 | H98: 0.1 | I98: 0.1
A99: ONIONS, DRY | B99: 31 | C99: 1.1 | D99: 0.2 | F99: APPLES JUICE CONCENTRATED | G99: 166 | H99: 0.5 | I99: 0.4
A100: GARLIC | B100: 130 | C100: 5.5 | D100: 0.4 | F100: PEARS | G100: 54 | H100: 0.4 | I100: 0.4
A101: LEEKS | B101: 37 | C101: 0.7 | D101: 0.1 | F101: QUINCES | G101: 35 | H101: 0.2 | I101: 0.1
A102: BEANS, GREEN | B102: 50 | C102: 3 | D102: 0.4 | F102: APRICOTS | G102: 45 | H102: 1.3 | I102: 0.4
A103: PEAS, GREEN | B103: 31 | C103: 2.1 | D103: 0.2 | F103: SOUR CHERRY | G103: 45 | H103: 0.9 | I103: 0.3
A104: BROAD BEANS,GREEN | B104: 23 | C104: 2.3 | D104: 0.1 | F104: CHERRIES | G104: 65 | H104: 1.1 | I104: 0.9
A105: STRING BEANS | B105: 27 | C105: 1.6 | D105: 0.1 | F105: PEACHES AND NECTARINES | G105: 33 | H105: 0.5 | I105: 0.1
A106: CARROTS | B106: 38 | C106: 0.9 | D106: 0.2 | F106: PLUMS | G106: 52 | H106: 0.7 | I106: 0.6
A107: OKRA | B107: 31 | C107: 1.6 | D107: 0.3 | F107: PLUM JUICE | G107: 71 | H107: 0.6 | I107: 0
... A124: HOMOGENIZED VEGETABLES PREPARED | B124: 41 | C124: 1.2 | D124: 0.5 | F124: MANGOES | G124: 45 | H124: 0.4 | I124: 0.2
B125: =AVERAGE(G79:G92,B96:B124) -> 52.953488 | C125: =AVERAGE(H79:H92,C96:C124) -> 2.3651163 | D125: =AVERAGE(I79:I92,D96:D124) -> 0.39069767 | F125: MANGO JUICE | G125: 62 | H125: 0.3 | I125: 0.4
A126: FRUITS AND PRODUCTS | F126: MANGO PULP | G126: 65 | H126: 0.5 | I126: 0.3
...

Sheet enviro
A1: 1 | B1: "BASIC FFQ RECIPE" food items | C1: "FFQ Category" (Food type) | D1: Lancet food group | E1: parent ingredient | F1: constituent ingredients combined | G1: Reference | H1: Rows in Additional Calculations Sheet | I1: LAND Needs, loss-adjusted (m2-yr/1g) | J1: NR needs, loss-adjusted (gNr/1g) | K1: BLUE WATER needs (m^3/1g) | L1: HELLER WATER SCARCITY FOOTPRINT (liter eq./kg) | M1: HELLER WATER SCARCITY FOOTPRINT (liter eq./g) | N1: DIEM WATER SCARCITY FOOTPRINT (liter eq./g) | O1: GHGE (kgCO2eq/1g) | P1: ID | Q1: "BASIC FFQ RECIPE" food items | R1: LAND Needs, loss-adjusted (m2-yr/1g) (0.738) | S1: NR needs, loss-adjusted (gNr/1g) (2.816) | T1: DIEM WATER SCARCITY FOOTPRINT (liter eq./g) (86.625) | U1: GHGE (kgCO2eq/1g) (0.04289) | W1: Lancet food group (if in italics, not identified as a food group in the Lancet paper) | X1: LAND, m2-y/g | Y1: NR, gNr/g | Z1: WSF, Leq/g | AA1: GHGE, kgCO2eq/g | AC1: AVERAGES of FOOD GROUPS | AD1: LAND, m2-y/g | AE1: NR, gNr/g | AF1: WSF, Leq/g | AG1: GHGE, kgCO2eq/g | AI1: STRATIFIED FOOD GROUPS | AJ1: LAND | AK1: NR | AL1: WSF | AM1: GHGE | AO1: AVERAGE Food Group Score (gradient on 0-10 pt scale) | AP1: AVERAGE Food Group Score (gradient illustrates 0-8.25 stratification)
A2: 186 | B2: chicken fat | C2: poultry | D2: animal fat poultry | E2: chicken | F2: chicken meat, chicken fat, chicken skin, chicken liver | G2: nur11.sas.dd: chwi11d = "MEATS-Chicken or Turkey, With Skin"; same environmental attributes as chwo11d = "MEATS-Chicken/Turkey, Without Skin" | I2: 0.01253482 | J2: 0.10214806 | K2: 0.00044435784 | L2: 1881 | M2: =L2/1000 -> 1.881 | N2: =L2/1000 -> 1.881 | O2: 0.0053926065 | P2: pchixf | Q2: chicken fat | R2: 0.01253482 | S2: 0.10214806 | T2: 2.7064748 | U2: 0.0053926065 | AC2: Animal Fats | AD2: 0.041260521 | AE2: 0.33634106 | AF2: 2.7368774 | AG2: 0.0067288236 | AI2: Animal Fats | AJ2: 2 | AK2: 7 | AL2: 1 | AM2: 4 | AO2: 3.5 | AP2: =AVERAGE(AJ2:AM2) -> 3.5
A3: 211 | B3: animal shortening (lard) | C3: red meat | D3: animal fat red meat | P3: rshortan | Q3: lard | R3: 0.069986222 | S3: 0.57053407 | T3: 2.76728 | U3: 0.0080650407 | W3: Animal Fats | X3: =AVERAGE(R2:R3) -> 0.041260521 | Y3: =AVERAGE(S2:S3) -> 0.33634106 | Z3: =AVERAGE(T2:T3) -> 2.7368774 | AA3: =AVERAGE(U2:U3) -> 0.0067288236 | AC3: Water | AD3: 0 | AE3: 0 | AF3: 0 | AG3: 0 | AI3: Water | AJ3: 0 | AK3: 0 | AL3: 0 | AM3: 0 | AO3: 0 | AP3: =AVERAGE(AJ3:AM3) -> 0
A4: 28 | B4: water | C4: beverage | D4: beverage | H4: 43866 | I4: 0 | J4: 0 | K4: 0 | L4: 0 | M4: =L4/1000 -> 0 | N4: =L4/1000 -> 0 | O4: 0 | P4: bh2o | Q4: water | R4: 0 | S4: 0 | T4: 0 | U4: 0 | W4: Water | X4: =R4 -> 0 | Y4: =S4 -> 0 | Z4: =T4 -> 0 | AA4: =U4 -> 0 | AC4: Alcoholic Beverages | AD4: 0.0045942474 | AE4: 0.031809739 | AF4: 2.2741865 | AG4: 0.00095489866 | AI4: Alcoholic Beverages | AJ4: 1 | AK4: 1 | AL4: 1 | AM4: 1 | AO4: 1 | AP4: =AVERAGE(AJ4:AM4) -> 1
A5: 3 | B5: beer | C5: beverage | D5: beverage alcohol | E5: NA | F5: beer, light beer | G5: Additional calculations; Mekonnen & Hoekstra | I5: 0.0020863188 | J5: 0.015149371 | K5: 0.00030135277 | L5: * | M5: * | N5: 0.098819704 | O5: 0.00035347185 | P5: bbeer | Q5: beer | R5: 0.0020863188 | S5: 0.015149371 | T5: 0.098819704 | U5: 0.00035347185 | AC5: Fruit Juice | AD5: 0.0032377197 | AE5: 0.051720097 | AF5: 4.2841409 | AG5: 0.0014811556 | AI5: Fruit Juice | AJ5: 1 | AK5: 2 | AL5: 1 | AM5: 1 | AO5: 1.25 | AP5: =AVERAGE(AJ5:AM5) -> 1.25
A6: 4 | B6: beer, light beer | C6: beverage | D6: beverage alcohol | E6: NA | F6: beer, light beer | G6: 1.482758621*beer; Gidon Correspondence, Additional Calculations | I6: 0.0014070522 | J6: 0.010217018 | K6: 0.00020323791 | L6: * | M6: * | N6: 0.066645847 | O6: 0.00023838799 | P6: bbeerl | Q6: beer, light beer | R6: 0.0014070522 | S6: 0.010217018 | T6: 0.066645847 | U6: 0.00023838799 | AC6: SSBs | AD6: 0.00027044745 | AE6: 0.014529734 | AF6: 0.030199181 | AG6: 7.09962e-05 | AI6: SSBs | AJ6: 1 | AK6: 1 | AL6: 1 | AM6: 1 | AO6: 1 | AP6: =AVERAGE(AJ6:AM6) -> 1
A7: 14 | B7: liquor, 80 proof liquor | C7: beverage | D7: beverage alcohol | G7: Additional Calculations; nur11.sas.dd: liq11d = "BEVERAGES - Liquor"; land and water conversion calculation: 282.9079577*beer | I7: 0.016135489 | J7: 0.11716451 | K7: 0.0023306478 | L7: * | M7: * | N7: 0.76426683 | O7: 0.0027337343 | P7: bliq | Q7: liquor, 80 proof liquor | R7: 0.016135489 | S7: 0.11716451 | T7: 0.76426683 | U7: 0.0027337343 | AC7: Tea and Coffee | AD7: 0.00066853745 | AE7: 0.012373342 | AF7: 5.2773571 | AG7: 0.00022573194 | AI7: Tea and Coffee | AJ7: 1 | AK7: 1 | AL7: 2 | AM7: 1 | AO7: 1.25 | AP7: =AVERAGE(AJ7:AM7) -> 1.25
A8: 29 | B8: wine, red | C8: beverage | D8: beverage alcohol | E8: fruits | F8: grapes, red wine, white wine | G8: Gidon MAD; Additional Calculations | I8: 0.0015676636 | J8: 0.0077472874 | K8: 0.00014584397 | L8: 4731 | M8: =L8/1000 -> 4.731 | N8: 4.8972 | O8: 0.00077344115 | P8: bwiner | Q8: wine, red | R8: 0.0015676636 | S8: 0.0077472874 | T8: 4.8972 | U8: 0.00077344115 | AC8: Dairy | AD8: 0.020793191 | AE8: 0.061135714 | AF8: 8.6341785 | AG8: 0.0038352347 | AI8: Dairy | AJ8: 1 | AK8: 2 | AL8: 2 | AM8: 2 | AO8: 1.75 | AP8: =AVERAGE(AJ8:AM8) -> 1.75
A9: 30 | B9: wine, white | C9: beverage | D9: beverage alcohol | E9: fruits | F9: grapes, red wine, white wine | G9: Gidon MAD; Additional Calculations | I9: 0.0017747135 | J9: 0.008770514 | K9: 0.00016510638 | L9: 4731 | M9: =L9/1000 -> 4.731 | N9: 5.544 | O9: 0.00067545804 | P9: bwinew | Q9: wine, white | R9: 0.0017747135 | S9: 0.008770514 | T9: 5.544 | U9: 0.00067545804 | W9: Alcoholic Beverages | X9: =AVERAGE(R5:R9) -> 0.0045942474 | Y9: =AVERAGE(S5:S9) -> 0.031809739 | Z9: =AVERAGE(T5:T9) -> 2.2741865 | AA9: =AVERAGE(U5:U9) -> 0.00095489866 | AC9: Eggs | AD9: 0.0040165275 | AE9: 0.032725331 | AF9: 1.033 | AG9: 0.0020392735 | AI9: Eggs | AJ9: 1 | AK9: 1 | AL9: 1 | AM9: 2 | AO9: 1.25 | AP9: =AVERAGE(AJ9:AM9) -> 1.25
A10: 5 | B10: carrot juice | C10: beverage | D10: beverage juice veg | E10: mixed vegetables, carrot | F10: carrot | G10: Additional calculations | I10: 0.0008247 | J10: 0.015159165 | K10: 5.1219512e-05 | L10: 1327 | M10: =L10/1000 -> 1.327 | N10: 1.9905 | O10: 0.00020164207 | P10: bcarr | Q10: carrot juice | R10: 0.0008247 | S10: 0.015159165 | T10: 1.9905 | U10: 0.00020164207 | AC10: Fish | AD10: 0.0022558557 | AE10: 9.6747447e-05 | AF10: 0.48611712 | AG10: 0.0092764998 | AI10: Fish | AJ10: 1 | AK10: 1 | AL10: 1 | AM10: 5 | AO10: 2 | AP10: =AVERAGE(AJ10:AM10) -> 2
A11: 27 | B11: tomato juice | C11: beverage | D11: beverage juice veg | E11: NA | F11: NA | G11: Additional Calculations; nur11.sas.dd: toj11d = "VEGETABLES - Tomato Juice or V-8 (L26)"; FFQ variable names joint.xlsx description: "tomato juice" | I11: 0.00071317551 | J11: 0.014658571 | K11: 9.3493151e-05 | L11: 585 | M11: =L11/1000 -> 0.585 | N11: 0.62477169 | O11: 0.0003598866 | P11: btom | Q11: tomato juice | R11: 0.00071317551 | S11: 0.014658571 | T11: 0.62477169 | U11: 0.0003598866 | AC11: Fruit | AD11: 0.0023035092 | AE11: 0.026136647 | AF11: 2.6729545 | AG11: 0.0006384849 | AI11: Fruit | AJ11: 1 | AK11: 1 | AL11: 1 | AM11: 1 | AO11: 1 | AP11: =AVERAGE(AJ11:AM11) -> 1
A12: 2 | B12: apple juice | C12: beverage | D12: beverage juice, fruit | E12: fruits | F12: apple juice | G12: 0.8846153846*apples: scaled from caloric ratio of apples to apple juice http://nutritiondata.self.com; nur11.sas.dd: aj11d = "FRUITS - Apple Juice or Cider" | I12: 0.00074013793 | J12: 0.0039903448 | K12: 0.00024137931 | L12: 803 | M12: =L12/1000 -> 0.803 | N12: 0.81931034 | O12: 0.00036010127 | P12: bappl | Q12: apple juice | R12: 0.00074013793 | S12: 0.0039903448 | T12: 0.81931034 | U12: 0.00036010127 | AC12: Refined Grains | AD12: 0.0078441205 | AE12: 0.14199297 | AF12: 1.6622894 | AG12: 0.0011137228 | AI12: Refined Grains | AJ12: 1 | AK12: 3 | AL12: 1 | AM12: 1 | AO12: 1.5 | AP12: =AVERAGE(AJ12:AM12) -> 1.5
A13: 9 | B13: cranberry juice | C13: beverage | D13: beverage juice, fruit | E13: fruits | F13: cranberry juice, cranberries | G13: Additional calculations | I13: 0.0038146972 | J13: 0.017102829 | K13: 0.00050222394 | L13: 159 | M13: =L13/1000 -> 0.159 | N13: 0.58127771 | O13: 0.0065940143 | P13: bcran | Q13: cranberry juice | R13: 0.0038146972 | S13: 0.017102829 | T13: 0.58127771 | U13: 0.0065940143 | AC13: Whole Grains | AD13: 0.0058084261 | AE13: 0.095654114 | AF13: 0.92625253 | AG13: 0.00044056356 | AI13: Whole Grains | AJ13: 1 | AK13: 2 | AL13: 1 | AM13: 1 | AO13: 1.25 | AP13: =AVERAGE(AJ13:AM13) -> 1.25
A14: 10 | B14: grape, juice from concentrate, frozen | C14: beverage | D14: beverage juice, fruit | E14: fruits | F14: frozen grape juice from concentrate | G14: Additional calculations | I14: 0.0012649298 | J14: 0.0062511974 | K14: 0.00011767983 | L14: 4331 | M14: =L14/1000 -> 4.331 | N14: 3.9514946 | O14: 0.00044131428 | P14: bgrap | Q14: grape, juice from concentrate, frozen | R14: 0.0012649298 | S14: 0.0062511974 | T14: 3.9514946 | U14: 0.00044131428 | AC14: Legumes | AD14: 0.005444405 | AE14: 0.036540476 | AF14: 1.0084882 | AG14: 0.00062807097 | AI14: Legumes | AJ14: 1 | AK14: 1 | AL14: 1 | AM14: 1 | AO14: 1 | AP14: =AVERAGE(AJ14:AM14) -> 1
A15: 11 | B15: grapefruit juice | C15: beverage | D15: beverage juice, fruit | E15: fruits | G15: Additional Calculations, Gidon MAD, M&H, Food Emissions Calculator; CIAchef.edu | I15: 0.0024184493 | J15: 0.035176357 | K15: 0.00018888889 | L15: 1874 | M15: =L15/1000 -> 1.874 | N15: 3.7022222 | O15: 0.0008532713 | P15: bgrft | Q15: grapefruit juice | R15: 0.0024184493 | S15: 0.035176357 | T15: 3.7022222 | U15: 0.0008532713 | AC15: Nuts | AD15: 0.0064445163 | AE15: 0.15799199 | AF15: 44.286857 | AG15: 0.0020593796 | AI15: Nuts | AJ15: 1 | AK15: 4 | AL15: 10 | AM15: 2 | AO15: 4.25 | AP15: =AVERAGE(AJ15:AM15) -> 4.25
A16: 12 | B16: lemon juice from concentrate | C16: beverage | D16: beverage juice, fruit | E16: fruits | F16: lemons, limes | G16: Gidon MAD; Additional calculations; Gidon Correspondence - "use orange env. att" | I16: 0.016939344 | J16: 0.12747221 | K16: 0.00064159613 | L16: 11362 | M16: =L16/1000 -> 11.362 | N16: 7.7308431 | O16: 0.00019596662 | P16: blem | Q16: lemon juice from concentrate | R16: 0.016939344 | S16: 0.12747221 | T16: 7.7308431 | U16: 0.00019596662 | AC16: Vegetable Oils | AD16: 0.016554871 | AE16: 0.51142133 | AF16: 7.8334208 | AG16: 0.0029773813 | AI16: Vegetable Oils | AJ16: 1 | AK16: 10 | AL16: 2 | AM16: 2 | AO16: 3.75 | AP16: =AVERAGE(AJ16:AM16) -> 3.75
A17: 13 | B17: lime juice | C17: beverage | D17: beverage juice, fruit | P17: blim | Q17: lime juice | R17: 0.00088641918 | S17: 0.066285714 | T17: 10.068 | U17: 0.0014688 | AC17: Margarine | AD17: 0.014835388 | AE17: 0.05541803 | AF17: 1.1325958 | AG17: 0.0010528344 | AI17: Margarine | AJ17: 1 | AK17: 2 | AL17: 1 | AM17: 1 | AO17: 1.25 | AP17: =AVERAGE(AJ17:AM17) -> 1.25
A18: 15 | B18: orange juice chilled | C18: beverage | D18: beverage juice, fruit | E18: fruits | F18: orange juice, orange juice chilled | G18: Gidon MAD; additional calculations; Mekonnen and Hoekstra; nur11.sas.dd: oj11d = "orange juice" | I18: 0.0019306129 | J18: 0.039248034 | K18: 0.00022 | L18: 1405 | M18: =L18/1000 -> 1.405 | N18: =L18/1000 -> 1.405 | O18: 0.0021384857 | P18: boranch | Q18: orange juice chilled | R18: 0.0019306129 | S18: 0.039248034 | T18: 1.405 | U18: 0.0021384857 | AC18: Poultry | AD18: 0.015754642 | AE18: 0.12838685 | AF18: 3.4855869 | AG18: 0.0077898697 | AI18: Poultry | AJ18: 1 | AK18: 3 | AL18: 1 | AM18: 4 | AO18: 2.25 | AP18: =AVERAGE(AJ18:AM18) -> 2.25
A19: 16 | B19: orange juice from concentrate | C19: beverage | D19: beverage juice, fruit | E19: fruits | G19: Gidon MAD; additional calculations; Mekonnen and Hoekstra; nur11.sas.dd: oj11d = "orange juice" | I19: 0.0019306129 | J19: 0.039248034 | K19: 0.00022 | L19: 1405 | M19: =L19/1000 -> 1.405 | N19: =L19/1000 -> 1.405 | O19: 0.0021384857 | P19: boranco | Q19: orange juice from concentrate | R19: 0.0019306129 | S19: 0.039248034 | T19: 1.405 | U19: 0.0021384857 | AC19: Red and Processed Meat | AD19: 0.33861575 | AE19: 0.46502213 | AF19: 10.153495 | AG19: 0.019571896 | AI19: Red and Processed Meat | AJ19: 10 | AK19: 10 | AL19: 3 | AM19: 10 | AO19: 8.25 | AP19: =AVERAGE(AJ19:AM19) -> 8.25
A20: 17 | B20: orange juice; oj | C20: beverage | D20: beverage juice, fruit | E20: fruits | F20: orange juice, orange juice chilled | G20: Gidon MAD; additional calculations; Mekonnen and Hoekstra; nur11.sas.dd: oj11d = "orange juice" | I20: 0.0019306129 | J20: 0.039248034 | K20: 0.00022 | L20: 1405 | M20: =L20/1000 -> 1.405 | N20: =L20/1000 -> 1.405 | O20: 0.0021384857 | P20: boran | Q20: orange juice; oj | R20: 0.0019306129 | S20: 0.039248034 | T20: 1.405 | U20: 0.0021384857 | AC20: Sweets | AD20: 0.029059288 | AE20: 0.088462475 | AF20: 6.1878972 | AG20: 0.0017614451 | AI20: Sweets | AJ20: 1 | AK20: 2 | AL20: 2 | AM20: 1 | AO20: 1.5 | AP20: =AVERAGE(AJ20:AM20) -> 1.5
A21: 18 | B21: pineapple juice, canned unsweetened | C21: beverage | D21: beverage juice, fruit | E21: fruits | F21: canned unsweetened pineapple juice | G21: Additional calculations | I21: 0.0037044615 | J21: 0.11525538 | K21: 1.3846154e-05 | L21: 119 | M21: =L21/1000 -> 0.119 | N21: =L21/1000 -> 0.119 | O21: 0.00013566892 | P21: bpine | Q21: pineapple juice, canned unsweetened | R21: 0.0037044615 | S21: 0.11525538 | T21: 0.119 | U21: 0.00013566892 | AC21: Potatoes | AD21: 0.00055636766 | AE21: 0.013544566 | AF21: 0.66982759 | AG21: 0.00070431572 | AI21: Potatoes | AJ21: 1 | AK21: 1 | AL21: 1 | AM21: 1 | AO21: 1 | AP21: =AVERAGE(AJ21:AM21) -> 1
A22: 19 | B22: plum, prune juice | C22: beverage | D22: beverage juice, fruit | E22: fruits | F22: prune juice | G22: prune*0.2958333333; additional calculations Rows 510-512 | I22: 0.00078192987 | J22: 0.010586603 | K22: 0.00034138107 | L22: 8277 | M22: =L22/1000 -> 8.277 | N22: 8.3085435 | O22: 0.00016500695 | P22: bplum | Q22: plum, prune juice | R22: 0.00078192987 | S22: 0.010586603 | T22: 8.3085435 | U22: 0.00016500695 | AC22: Vegetables | AD22: 0.0012712095 | AE22: 0.022446556 | AF22: 1.4468796 | AG22: 0.00069335678 | AI22: Vegetables | AJ22: 1 | AK22: 1 | AL22: 1 | AM22: 1 | AO22: 1 | AP22: =AVERAGE(AJ22:AM22) -> 1
A23: 20 | B23: pomegranate juice | C23: beverage | D23: beverage juice, fruit | E23: fruits | F23: pomegranate juice | G23: Additional calculations | I23: 0.0025104287 | J23: 0.12077642 | K23: 0.0011761359 | L23: 11914 | M23: =L23/1000 -> 11.914 | N23: =L23/1000 -> 11.914 | O23: 0.0011442664 | P23: bpome | Q23: pomegranate juice | R23: 0.0025104287 | S23: 0.12077642 | T23: 11.914 | U23: 0.0011442664 | W23: Fruit Juice | X23: =AVERAGE(R12:R23) -> 0.0032377197 | Y23: =AVERAGE(S12:S23) -> 0.051720097 | Z23: =AVERAGE(T12:T23) -> 4.2841409 | AA23: =AVERAGE(U12:U23) -> 0.0014811556
A24: 21 | B24: soda, coca-cola | C24: beverage | D24: beverage SSB | E24: corn | F24: corn, high-fructose corn syrup, other carbonated beverage | G24: 0.1419583169*HFCS; Additional calculations; nur11.sas.dd: cola11d = "Carbonated Bev w/Caffeine,Sugar"; https://ndb.nal.usda.gov/ndb/foods/show/45130947?fgcd=&manu=&format=&count=&max=25&offset=&sort=default&order=asc&qlookup=coca+cola&ds=&qt=&qp=&qa=&qn=&q=&ing= | I24: 0.0005408949 | J24: 0.029059467 | K24: 1.7188466e-05 | L24: * | M24: * | N24: 0.060398361 | O24: 0.0001419924 | P24: bsoda | Q24: soda, coca-cola | R24: 0.0005408949 | S24: 0.029059467 | T24: 0.060398361 | U24: 0.0001419924 | AC24: 0 | AD24: 0 | AE24: 0 | AF24: 0 | AG24: 0 | AI24: 0 | AP24: 0
A25: 22 | B25: soda, diet soda | C25: beverage | D25: beverage SSB | F25: diet soda with caffeine, diet soda without caffeine, splenda | G25: Gidon Correspondence (equals sugar-free sweetener) | I25: 0 | J25: 0 | K25: 0 | L25: * | M25: * | N25: 0 | O25: 0 | P25: bsodad | Q25: soda, diet soda | R25: 0 | S25: 0 | T25: 0 | U25: 0 | AC25: 1 | AD25: 0.033861575 | AE25: 0.051142133 | AF25: 4.4286857 | AG25: 0.0019571896 | AI25: 1 | AP25: =AI25/AI26*AP26 -> 0.825
A26: 23 | B26: soda, diet soda without caffeine | C26: beverage | D26: beverage SSB | F26: diet soda with caffeine, diet soda without caffeine, splenda | G26: same as diet soda; Gidon Correspondence (equals sugar-free sweetener) | I26: 0 | J26: 0 | K26: 0 | L26: * | M26: * | N26: 0 | O26: 0 | P26: bsodano | Q26: soda, diet soda without caffeine | R26: 0 | S26: 0 | T26: 0 | U26: 0 | AC26: 2 | AD26: 0.06772315 | AE26: 0.10228427 | AF26: 8.8573714 | AG26: 0.0039143791 | AI26: 2 | AP26: =AI26/AI27*AP27 -> 1.65
A27: 24 | B27: soda, other carbonated beverage with sugar, without caffeine | C27: beverage | D27: beverage SSB | E27: corn | F27: same as coca-cola | G27: 0.1419583169*HFCS; Additional Calculations; description: "other carb. beverageas with sugar" ; nur11.sas.dd: otsug = "BEV-Carbonated w/Sug no Caffeine" | I27: 0.0005408949 | J27: 0.029059467 | K27: 1.7188466e-05 | L27: * | M27: * | N27: 0.060398361 | O27: 0.0001419924 | P27: bsodaoth | Q27: soda, other carbonated beverage with sugar, without caffeine | R27: 0.0005408949 | S27: 0.029059467 | T27: 0.060398361 | U27: 0.0001419924 | W27: SSBs | X27: =AVERAGE(R24:R27) -> 0.00027044745 | Y27: =AVERAGE(S24:S27) -> 0.014529734 | Z27: =AVERAGE(T24:T27) -> 0.030199181 | AA27: =AVERAGE(U24:U27) -> 7.09962e-05 | AC27: 3 | AD27: 0.10158472 | AE27: 0.1534264 | AF27: 13.286057 | AG27: 0.0058715687 | AI27: 3 | AP27: =AI27/AI28*AP28 -> 2.475
A28: 6 | B28: coffee, drip | C28: beverage | D28: beverage tea and coffee | E28: coffee | F28: coffee, instant decaf coffee, espresso | G28: Additional Calculations; Gidon correspondence | I28: 0.00039296259 | J28: 0.0071519191 | K28: 9.011169e-06 | L28: * | M28: * | N28: 0.45739286 | O28: 0.00012844554 | P28: bcoff | Q28: coffee, drip | R28: 0.00039296259 | S28: 0.0071519191 | T28: 0.45739286 | U28: 0.00012844554 | AC28: 4 | AD28: 0.1354463 | AE28: 0.20456853 | AF28: 17.714743 | AG28: 0.0078287583 | AI28: 4 | AP28: =AI28/AI29*AP29 -> 3.3
A29: 7 | B29: coffee, espresso | C29: beverage | D29: beverage tea and coffee | E29: coffee | F29: coffee, instant decaf coffee, espresso | G29: Additional Calculations; Gidon correspondence | I29: 0.0024451006 | J29: 0.04450083 | K29: 5.6069496e-05 | L29: * | M29: * | N29: 2.846 | O29: 0.00079921668 | P29: bcoffe | Q29: coffee, espresso | R29: 0.0024451006 | S29: 0.04450083 | T29: 2.846 | U29: 0.00079921668 | AC29: 5 | AD29: 0.16930787 | AE29: 0.25571067 | AF29: 22.143429 | AG29: 0.0097859479 | AI29: 5 | AP29: =AI29/AI30*AP30 -> 4.125
A30: 8 | B30: coffee, instant decaf coffee | C30: beverage | D30: beverage tea and coffee | E30: coffee | F30: coffee, instant decaf coffee, espresso | G30: Additional Calculations; Gidon correspondence | I30: 0.00039296259 | J30: 0.0071519191 | K30: 9.011169e-06 | L30: * | M30: * | N30: 0.45739286 | O30: 0.00012844554 | P30: bcoffi | Q30: coffee, instant decaf coffee | R30: 0.00039296259 | S30: 0.0071519191 | T30: 0.45739286 | U30: 0.00012844554 | AC30: 6 | AD30: 0.20316945 | AE30: 0.3068528 | AF30: 26.572114 | AG30: 0.011743137 | AI30: 6 | AP30: =AI30/AI31*AP31 -> 4.95
A31: 25 | B31: tea, decaf tea | C31: beverage | D31: beverage tea and coffee | E31: tea | F31: tea, decaf tea | G31: comparable to "tea" (Gidon Correspondence); Additional calculations | I31: 5.5830755e-05 | J31: 0.0015310197 | K31: 7.5780591e-06 | L31: 11313 | M31: =L31/1000 -> 11.313 | N31: =L31/1000 -> 11.313 | O31: 3.627596e-05 | P31: btead | Q31: tea, decaf tea | R31: 5.5830755e-05 | S31: 0.0015310197 | T31: 11.313 | U31: 3.627596e-05 | AC31: 7 | AD31: 0.23703102 | AE31: 0.35799493 | AF31: 31.0008 | AG31: 0.013700327 | AI31: 7 | AP31: =AI31/AI32*AP32 -> 5.775
A32: 26 | B32: tea, regular | C32: beverage | D32: beverage tea and coffee | E32: tea | F32: tea, decaf tea | G32: Additional calculations | I32: 5.5830755e-05 | J32: 0.0015310197 | K32: 7.5780591e-06 | L32: 11313 | M32: =L32/1000 -> 11.313 | N32: =L32/1000 -> 11.313 | O32: 3.627596e-05 | P32: btea | Q32: tea, regular | R32: 5.5830755e-05 | S32: 0.0015310197 | T32: 11.313 | U32: 3.627596e-05 | W32: Tea and Coffee | X32: =AVERAGE(R28:R32) -> 0.00066853745 | Y32: =AVERAGE(S28:S32) -> 0.012373342 | Z32: =AVERAGE(T28:T32) -> 5.2773571 | AA32: =AVERAGE(U28:U32) -> 0.00022573194 | AC32: 8 | AD32: 0.2708926 | AE32: 0.40913707 | AF32: 35.429486 | AG32: 0.015657517 | AI32: 8 | AP32: =AI32/AI33*AP33 -> 6.6
A33: 47 | B33: buttermilk | C33: dairy | D33: dairy | E33: cow dairy | F33: buttermilk | G33: Additional calculations; NDB#: 01088 Milk, buttermilk, fluid, cultured, lowfat | I33: 0.0047583081 | J33: 0.01399028 | K33: 9.3273275e-05 | L33: * | M33: * | N33: 2.439 | O33: 0.00087765403 | P33: dbuttm | Q33: buttermilk | R33: 0.0047583081 | S33: 0.01399028 | T33: 2.439 | U33: 0.00087765403 | AC33: 9 | AD33: 0.30475417 | AE33: 0.4602792 | AF33: 39.858171 | AG33: 0.017614706 | AI33: 9 | AP33: =AI33/AI34*AP34 -> 7.425
A34: 50 | B34: cheese, mozzarella skim regular | C34: dairy | D34: dairy | P34: dchmozzsk | Q34: cheese, mozzarella skim regular | R34: 0.0315945 | S34: 0.0928935 | T34: 16.19625 | U34: 0.0058275 | AC34: 10 | AD34: 0.33861575 | AE34: 0.51142133 | AF34: 44.286857 | AG34: 0.019571896 | AI34: 10 | AP34: 8.25
A35: 51 | B35: cheese, skim milk cheese | C35: dairy | D35: dairy | E35: cow dairy | F35: cheese, skim milk cheese | G35: Additional calculations; nur11.sas.dd: chnft11d = "Type of Cheese Usually Used - Nonfat"; Average of NDB# 1028 Cheese, mozzarella, part skim milk and NDB# 1037 Cheese, ricotta part skim; Gidon Correspondence | I35: 0.021063 | J35: 0.061929 | K35: 0.000412881 | L35: * | M35: * | N35: 10.7975 | O35: 0.003885 | P35: dchskim | Q35: cheese, skim milk cheese | R35: 0.021063 | S35: 0.061929 | T35: 10.7975 | U35: 0.003885
A36: 52 | B36: cottage cheese, low fat | C36: dairy | D36: dairy | E36: cow dairy | F36: low fat cottage cheese | G36: Additional calculations; NDB# 1016 Cheese, cottage, lowfat, 1% milkfat | I36: 0.0098563299 | J36: 0.028979379 | K36: 0.00019320568 | L36: * | M36: * | N36: 3.702 | O36: 0.0018179671 | P36: dchcott | Q36: cottage cheese, low fat | R36: 0.0098563299 | S36: 0.028979379 | T36: 3.702 | U36: 0.0018179671
A37: 53 | B37: cream cheese | C37: dairy | D37: dairy | E37: cow dairy | F37: cream cheese | G37: Additional calculations; NDB # 01017 , cream cheese | I37: 0.029198709 | J37: 0.085849443 | K37: 0.00057235873 | L37: * | M37: * | N37: 14.968 | O37: 0.0053856043 | P37: dchcream | Q37: cream cheese | R37: 0.029198709 | S37: 0.085849443 | T37: 14.968 | U37: 0.0053856043
A38: 54 | B38: cream fluid, heavy whipping | C38: dairy | D38: dairy | E38: cow dairy | F38: cream, heavy cream | G38: Additional calculations; self-referential; nur11.sas.dd: cream11d = "DAIRY - Cream"; NDB# 1053 Cream, fluid, heavy whipping | I38: 0.022755265 | J38: 0.066904564 | K38: 0.00044605311 | L38: * | M38: * | N38: 11.665 | O38: 0.0041971327 | P38: dcreamfh | Q38: cream fluid, heavy whipping | R38: 0.022755265 | S38: 0.066904564 | T38: 11.665 | U38: 0.0041971327
A39: 55 | B39: cream fluid, light (coffee or table cream) | C39: dairy | D39: dairy | E39: cow dairy | F39: heavy cream, cream | G39: Additional calculations; self-referential; nur11.sas.dd: cream11d = "DAIRY - Cream"; NDB# 01050 ; cream, fluid, light (coffee or table ceam) | I39: 0.015483515 | J39: 0.045524314 | K39: 0.00030351086 | L39: * | M39: * | N39: 7.937 | O39: 0.0028558827 | P39: dcreamfl | Q39: cream fluid, light (coffee or table cream) | R39: 0.015483515 | S39: 0.045524314 | T39: 7.937 | U39: 0.0028558827
A40: 56 | B40: cream, pressurized (whipped cream) | C40: dairy | D40: dairy | E40: cow dairy | F40: whipped cream | G40: Additional calculations; self-referential; nur11.sas.dd: cream11d = "DAIRY - Cream"; NDB#: 01054 Cream, whipped, cream topping, pressurized | I40: 0.017908304 | J40: 0.052653626 | K40: 0.00035104203 | L40: * | M40: * | N40: 9.18 | O40: 0.0033031268 | P40: dcreamwh | Q40: cream, pressurized (whipped cream) | R40: 0.017908304 | S40: 0.052653626 | T40: 9.18 | U40: 0.0033031268
A41: 58 | B41: milk, 1% milk | C41: dairy | D41: dairy | E41: cow dairy | F41: 1% milk | G41: Additional calculations; nur11.sas.dd: m1or211d = "DAIRY - 1% -2% milk"; NDB# 1083: "Milk, lowfat, fluid, 1% milkfat, with added nonfat milk solids, vitamin A and vitamin D" | I41: 0.0049087581 | J41: 0.01443263 | K41: 9.6222425e-05 | L41: * | M41: * | N41: 2.516 | O41: 0.00090540403 | P41: dm1 | Q41: milk, 1% milk | R41: 0.0049087581 | S41: 0.01443263 | T41: 2.516 | U41: 0.00090540403
A42: 59 | B42: milk, 2% milk | C42: dairy | D42: dairy | E42: cow dairy | F42: 2% milk | G42: Additional calculations; nur11.sas.dd: m1or211d = "DAIRY - 1% -2% milk"; NDB# 1079: Milk, reduced fat, fluid, 2% milkfat, with added vitamin A and vitamin D | I42: 0.0052598081 | J42: 0.01546478 | K42: 0.00010310377 | L42: * | M42: * | N42: 2.696 | O42: 0.00097015403 | P42: dm2 | Q42: milk, 2% milk | R42: 0.0052598081 | S42: 0.01546478 | T42: 2.696 | U42: 0.00097015403
A43: 61 | B43: milk, skim milk | C43: dairy | D43: dairy | E43: cow dairy | F43: skim milk | G43: Additional calculations; nur11.sas.dd: skim11d = "DAIRY - Skim Milk" | I43: 0.0039416474 | J43: 0.011589151 | K43: 7.7264935e-05 | L43: * | M43: * | N43: 2.021 | O43: 0.0007270237 | P43: dms | Q43: milk, skim milk | R43: 0.0039416474 | S43: 0.011589151 | T43: 2.021 | U43: 0.0007270237
A44: 62 | B44: milk, whole milk | C44: dairy | D44: dairy | E44: cow dairy | F44: milk, whole milk | G44: Additional calculations; nur11.sas.dd: whole11d = "DAIRY - Whole milk"; Gidon MAD | I44: 0.006018 | J44: 0.017694 | K44: 0.000117966 | L44: * | M44: * | N44: 3.085 | O44: 0.00111 | P44: dmwh | Q44: milk, whole milk | R44: 0.006018 | S44: 0.017694 | T44: 3.085 | U44: 0.00111
A45: 63 | B45: sour cream | C45: dairy | D45: dairy | E45: cow dairy | F45: sour cream | G45: Additional calculations; self-referential; FFQ variable names joint.xlsx: between yogurt and cream cheese; NDB#: 01056 Cream, sour, cultured | I45: 0.014207899 | J45: 0.041773773 | K45: 0.00027850599 | L45: * | M45: * | N45: 7.283 | O45: 0.0026205995 | P45: dsour | Q45: sour cream | R45: 0.014207899 | S45: 0.041773773 | T45: 7.283 | U45: 0.0026205995
A46: 65 | B46: whey, sweet whey, liquid | C46: dairy | D46: dairy | E46: cow dairy | F46: sweet whey | G46: Additional calculations; NDB#: 01114 Whey, sweet, fluid | I46: 0.0030177941 | J46: 0.0088728562 | K46: 5.9155383e-05 | L46: * | M46: * | N46: 1.547 | O46: 0.00055662204 | P46: dwheyl | Q46: whey, sweet whey, liquid | R46: 0.0030177941 | S46: 0.0088728562 | T46: 1.547 | U46: 0.00055662204
A47: 66 | B47: yogurt plain | C47: dairy | D47: dairy | E47: cow dairy | F47: yogurt plain | G47: Additional calculations; nur11.sas.dd: plyog11d = "DAIRY - Yogurt-plain, lo-carb" | I47: 0.005688341 | J47: 0.016724743 | K47: 0.00011150396 | L47: * | M47: * | N47: 2.916 | O47: 0.0010491955 | P47: dyog | Q47: yogurt plain | R47: 0.005688341 | S47: 0.016724743 | T47: 2.916 | U47: 0.0010491955
A48: 67 | B48: yogurt, Greek, plain, nonfat (<1% fat) | C48: dairy | D48: dairy | P48: dyogg | Q48: yogurt, Greek, plain, nonfat (<1% fat) | R48: 0.0061183 | S48: 0.0179889 | T48: 0.031364167 | U48: 0.0011285
A49: 68 | B49: feta cheese, reduced fat | C49: dairy | D49: dairy | P49: dchfet | Q49: feta cheese, reduced fat | R49: 0.0214642 | S49: 0.0631086 | T49: 0.11003167 | U49: 0.003959
A50: 69 | B50: parmesan cheese | C50: dairy | D50: dairy | P50: dchparm | Q50: parmesan cheese | R50: 0.0406215 | S50: 0.1194345 | T50: 0.2082375 | U50: 0.0074925
A51: 70 | B51: ricotta, skim | C51: dairy | D51: dairy | P51: dchricsk | Q51: ricotta, skim | R51: 0.0138414 | S51: 0.0406962 | T51: 0.070955 | U51: 0.002553
A52: 71 | B52: ricotta, whole | C52: dairy | D52: dairy | P52: dchricwh | Q52: ricotta, whole | R52: 0.015045 | S52: 0.044235 | T52: 0.077125 | U52: 0.002775
A53: 46 | B53: butter | C53: dairy | D53: dairy dry/hard | E53: cow dairy | F53: butter | G53: Additional calculations; nur11.sas.dd: but11d = "DAIRY - Pure Butter"; NDB# 01001 butter, salted | I53: 0.055280749 | J53: 0.16253532 | K53: 0.0010836239 | L53: * | M53: * | N53: 28.339 | O53: 0.01019635 | P53: dbutt | Q53: butter | R53: 0.055280749 | S53: 0.16253532 | T53: 28.339 | U53: 0.01019635
A54: 48 | B54: cheese, cheddar cheese | C54: dairy | D54: dairy dry/hard | E54: cow dairy | F54: cheese, cheddar cheese | G54: Additional calculations; nur11.sas.dd: chreg11d = "Type of Cheese Usually Used - Regular"; FFQ variable names joint.xlsx description = "type regular cheese"; NDB # 1009 , cheddar cheese; Gidon Correspondence | I54: 0.048144 | J54: 0.141552 | K54: 0.000943728 | L54: * | M54: * | N54: 24.68 | O54: 0.00888 | P54: dchched | Q54: cheese, cheddar cheese | R54: 0.048144 | S54: 0.141552 | T54: 24.68 | U54: 0.00888
A55: 49 | B55: cheese, mozzarella cheese | C55: dairy | D55: dairy dry/hard | E55: cow dairy | F55: cheese, mozzarella cheese | G55: Additional calculations; nur11.sas.dd: NDB#: 01029 Cheese, mozzarella, low moisture, part-skim | I55: 0.042126 | J55: 0.123858 | K55: 0.000825762 | L55: * | M55: * | N55: 21.595 | O55: 0.00777 | P55: dchmozz | Q55: cheese, mozzarella cheese | R55: 0.042126 | S55: 0.123858 | T55: 21.595 | U55: 0.00777
A56: 60 | B56: milk, milk powder | C56: dairy | D56: dairy dry/hard | E56: cow dairy | F56: milk powder | G56: Additional calculations; NDB# 01155: Milk, dry, nonfat, instant, without added vitamin A and vitamin D | I56: 0.041127278 | J56: 0.12092158 | K56: 0.00080618486 | L56: * | M56: * | N56: 21.083 | O56: 0.0075857891 | P56: dmp | Q56: milk, milk powder | R56: 0.041127278 | S56: 0.12092158 | T56: 21.083 | U56: 0.0075857891
A57: 64 | B57: whey, sweet whey, dried | C57: dairy | D57: dairy dry/hard | E57: cow dairy | F57: sweet whey dried | G57: Additional calculations; NDB# 01115: Whey, sweet, dried | I57: 0.040401173 | J57: 0.1187867 | K57: 0.0007919516 | L57: * | M57: * | N57: 20.711 | O57: 0.0074518614 | P57: dwheyd | Q57: whey, sweet whey, dried | R57: 0.040401173 | S57: 0.1187867 | T57: 20.711 | U57: 0.0074518614 | W57: Dairy | X57: =AVERAGE(R33:R57) -> 0.020793191 | Y57: =AVERAGE(S33:S57) -> 0.061135714 | Z57: =AVERAGE(T33:T57) -> 8.6341785 | AA57: =AVERAGE(U33:U57) -> 0.0038352347
A58: 72 | B58: egg | C58: eggs | D58: eggs | E58: eggs | F58: eggs, egg beaters, egg yolks, egg whites | G58: Gidon MAD; http://www.foodemissions.com/foodemissions/Calculator; additional calculations | I58: 0.0040165275 | J58: 0.032725331 | K58: 0.000244 | L58: 1033 | M58: =L58/1000 -> 1.033 | N58: =L58/1000 -> 1.033 | O58: 0.0020392735 | P58: egg | Q58: egg | R58: 0.0040165275 | S58: 0.032725331 | T58: 1.033 | U58: 0.0020392735
A59: 73 | B59: egg beaters | C59: eggs | D59: eggs | E59: eggs | F59: eggs, egg beaters, egg yolks, egg whites | G59: equals egg; Gidon MAD; http://www.foodemissions.com/foodemissions/Calculator; additional calculations; Gidon Correspondence | I59: 0.0040165275 | J59: 0.032725331 | K59: 0.000244 | L59: 1033 | M59: =L59/1000 -> 1.033 | N59: =L59/1000 -> 1.033 | O59: 0.0020392735 | P59: eggb | Q59: egg beaters | R59: 0.0040165275 | S59: 0.032725331 | T59: 1.033 | U59: 0.0020392735
A60: 74 | B60: egg whites | C60: eggs | D60: eggs | E60: eggs | F60: eggs, egg beaters, egg yolks, egg whites | G60: equals egg; Gidon MAD; http://www.foodemissions.com/foodemissions/Calculator; additional calculations | I60: 0.0040165275 | J60: 0.032725331 | K60: 0.000244 | L60: 1033 | M60: =L60/1000 -> 1.033 | N60: =L60/1000 -> 1.033 | O60: 0.0020392735 | P60: eggwh | Q60: egg whites | R60: 0.0040165275 | S60: 0.032725331 | T60: 1.033 | U60: 0.0020392735
A61: 75 | B61: egg yolks | C61: eggs | D61: eggs | E61: eggs | F61: eggs, egg beaters, egg yolks, egg whites | G61: equals egg; Gidon MAD; http://www.foodemissions.com/foodemissions/Calculator; additional calculations | I61: 0.0040165275 | J61: 0.032725331 | K61: 0.000244 | L61: 1033 | M61: =L61/1000 -> 1.033 | N61: =L61/1000 -> 1.033 | O61: 0.0020392735 | P61: eggy | Q61: egg yolks | R61: 0.0040165275 | S61: 0.032725331 | T61: 1.033 | U61: 0.0020392735 | W61: Eggs | X61: =AVERAGE(R58:R61) -> 0.0040165275 | Y61: =AVERAGE(S58:S61) -> 0.032725331 | Z61: =AVERAGE(T58:T61) -> 1.033 | AA61: =AVERAGE(U58:U61) -> 0.0020392735
A62: 213 | B62: arctic char, cooked | C62: seafood | D62: fish cooked farm | P62: scharc | Q62: arctic char, cooked | R62: 0.012121659 | S62: 0.0008075262 | T62: 1.8215139 | U62: 0.027807522
A63: 226 | B63: salmon, farmed, cooked | C63: seafood | D63: fish cooked farm | P63: ssalmfc | Q63: salmon, farmed, cooked | R63: 0.0033942929 | S63: 4.8489899e-05 | T63: 1.2835561 | U63: 0.005754961
A64: 231 | B64: shrimp, cooked | C64: seafood | D64: fish cooked farm | P64: sshrimpc | Q64: shrimp, cooked | R64: 0.00059288066 | S64: 0.00090853333 | T64: 2.5907407 | U64: 0.020135802
A65: 218 | B65: cod, cooked | C65: seafood | D65: fish cooked wild | P65: scodc | Q65: cod, cooked | R65: 0 | S65: 0 | T65: 0 | U65: 0.0029317043
A66: 228 | B66: salmon, wild, cooked | C66: seafood | D66: fish cooked wild | P66: ssalmwc | Q66: salmon, wild, cooked | R66: 0 | S66: 0 | T66: 0 | U66: 0.0033924962
A67: 235 | B67: tuna, canned tuna | C67: seafood | D67: fish cooked wild | E67: fish | F67: tuna | G67: Seafood sheet: Gephart: "Could argue marine wild capture to be zero" | I67: 0 | J67: 0 | K67: 0.00022323326 | L67: 0 | M67: =L67/1000 -> 0 | N67: =L67/1000 -> 0 | O67: 0.0040785552 | P67: stunac | Q67: tuna, canned tuna | R67: 0 | S67: 0 | T67: 0 | U67: 0.0040785552
A68: 223 | B68: oysters, raw | C68: seafood | D68: fish raw both | E68: fish | F68: oysters | I68: 0 | J68: =5.05833333333333E-06/100 -> 5.0583333e-08 | K68: 0 | L68: 0 | M68: =L68/1000 -> 0 | N68: =L68/1000 -> 0 | O68: =0.27715/100 -> 0.0027715 | P68: soysterr | Q68: oysters, raw | R68: 0 | S68: 5.0583333e-08 | T68: 0 | U68: 0.0027715
A69: 212 | B69: arctic char, raw | C69: seafood | D69: fish raw farm | P69: scharr | Q69: arctic char, raw | R69: 0.007606341 | S69: 0.00050672269 | T69: 1.143 | U69: 0.01744922
A70: 215 | B70: catfish, raw | C70: seafood | D70: fish raw farm | E70: fish | F70: catfish | G70: Seafood sheet; Gidon correspondence | I70: 0.014205942 | J70: 0.000235704 | K70: 0.00021285206 | L70: 1143 | M70: =L70/1000 -> 1.143 | N70: =L70/1000 -> 1.143 | O70: 0.0080816667 | P70: scatr | Q70: catfish, raw | R70: 0.014205942 | S70: 0.000235704 | T70: 1.143 | U70: 0.0080816667
A71: 225 | B71: salmon, farmed, raw | C71: seafood | D71: fish raw farm | E71: fish | F71: salmon | G71: Seafood sheet; Gephart, Gidon correspondence | I71: 0.0030226 | J71: 4.318e-05 | K71: 0.00025442079 | L71: 1143 | M71: =L71/1000 -> 1.143 | N71: =L71/1000 -> 1.143 | O71: 0.0051247625 | P71: ssalmfrr | Q71: salmon, farmed, raw | R71: 0.0030226 | S71: 4.318e-05 | T71: 1.143 | U71: 0.0051247625
A72: 230 | B72: shrimp, raw | C72: seafood | D72: fish raw farm | E72: fish | F72: shrimp | G72: Seafood sheet; Gidon correspondence | I72: 0.00032015556 | J72: 0.000490608 | K72: 0.00032872385 | L72: 1399 | M72: =L72/1000 -> 1.399 | N72: =L72/1000 -> 1.399 | O72: 0.010873333 | P72: sshrimpr | Q72: shrimp, raw | R72: 0.00032015556 | S72: 0.000490608 | T72: 1.399 | U72: 0.010873333
A73: 233 | B73: tilapia, raw | C73: seafood | D73: fish raw farm | E73: fish | F73: tilapia | G73: Seafood sheet; Gidon correspondence | I73: 0.012876667 | J73: 0.00036204 | K73: 0.00029941586 | L73: 1143 | M73: =L73/1000 -> 1.143 | N73: =L73/1000 -> 1.143 | O73: 0.01907 | P73: stilapiar | Q73: tilapia, raw | R73: 0.012876667 | S73: 0.00036204 | T73: 1.143 | U73: 0.01907
A74: 214 | B74: bluefish, raw | C74: seafood | D74: fish raw wild | E74: fish | F74: miscellaneous fish | G74: Seafood sheet average | I74: 0 | J74: 0 | K74: 0 | L74: 0 | M74: =L74/1000 -> 0 | N74: =L74/1000 -> 0 | O74: 0.0044753931 | P74: sbluer | Q74: bluefish, raw | R74: 0 | S74: 0 | T74: 0 | U74: 0.0044753931
A75: 216 | B75: clams, raw | C75: seafood | D75: fish raw wild | E75: fish | F75: clams | G75: Seafood sheet; Gidon correspondence | I75: 0 | J75: 0 | K75: 0 | L75: 0 | M75: =L75/1000 -> 0 | N75: =L75/1000 -> 0 | O75: 0.0027715 | P75: sclamr | Q75: clams, raw | R75: 0 | S75: 0 | T75: 0 | U75: 0.0027715
A76: 217 | B76: cod, raw | C76: seafood | D76: fish raw wild | E76: fish | F76: cod | G76: Seafood sheet; Gidon correspondence | I76: 0 | J76: 0 | K76: 0 | L76: 0 | M76: =L76/1000 -> 0 | N76: =L76/1000 -> 0 | O76: 0.0041881489 | P76: scodr | Q76: cod, raw | R76: 0 | S76: 0 | T76: 0 | U76: 0.0041881489
A77: 219 | B77: flatfish, raw | C77: seafood | D77: fish raw wild | E77: fish | F77: flatfish | G77: Seafood sheet; Gidon correspondence | I77: 0 | J77: 0 | K77: 0 | L77: 0 | M77: =L77/1000 -> 0 | N77: =L77/1000 -> 0 | O77: 0.016038462 | P77: sflatr | Q77: flatfish, raw | R77: 0 | S77: 0 | T77: 0 | U77: 0.016038462
A78: 220 | B78: haddock, raw | C78: seafood | D78: fish raw wild | E78: fish | F78: haddock | G78: Seafood sheet; Gidon correspondence | I78: 0 | J78: 0 | K78: 0 | L78: 0 | M78: =L78/1000 -> 0 | N78: =L78/1000 -> 0 | O78: 0.0032798717 | P78: shaddr | Q78: haddock, raw | R78: 0 | S78: 0 | T78: 0 | U78: 0.0032798717
A79: 221 | B79: halibut, raw | C79: seafood | D79: fish raw wild | E79: fish | F79: halibut | G79: Seafood sheet; Gidon correspondence | I79: 0 | J79: 0 | K79: 0 | L79: 0 | M79: =L79/1000 -> 0 | N79: =L79/1000 -> 0 | O79: 0.003686349 | P79: shalir | Q79: halibut, raw | R79: 0 | S79: 0 | T79: 0 | U79: 0.003686349
A80: 222 | B80: herring, raw | C80: seafood | D80: fish raw wild | E80: fish | F80: sardine, herring | G80: Seafood sheet; Herring and Sardines are in thes same fish family | I80: 0 | J80: 0 | K80: 0 | L80: 0 | M80: =L80/1000 -> 0 | N80: =L80/1000 -> 0 | O80: 0.0052883477 | P80: sherrr | Q80: herring, raw | R80: 0 | S80: 0 | T80: 0 | U80: 0.0052883477
A81: 224 | B81: pollock, raw | C81: seafood | D81: fish raw wild | E81: fish | F81: pollock | G81: Seafood sheet; GIdon Correspondence | I81: 0 | J81: 0 | K81: 0 | L81: 0 | M81: =L81/1000 -> 0 | N81: =L81/1000 -> 0 | O81: 0.0033266667 | P81: spollr | Q81: pollock, raw | R81: 0 | S81: 0 | T81: 0 | U81: 0.0033266667
A82: 227 | B82: salmon, wild, raw | C82: seafood | D82: fish raw wild | P82: ssalmwr | Q82: salmon, wild, raw | R82: 0 | S82: 0 | T82: 0 | U82: 0.003021
A83: 229 | B83: sardines | C83: seafood | D83: fish raw wild | E83: fish | F83: sardine, herring | G83: Seafood sheet; Herring and Sardines are in thes same fish family | I83: 0 | J83: 0 | K83: 0 | L83: 0 | M83: =L83/1000 -> 0 | N83: =L83/1000 -> 0 | O83: 0.0059339293 | P83: ssard | Q83: sardines | R83: 0 | S83: 0 | T83: 0 | U83: 0.0059339293
A84: 232 | B84: swordfish, raw | C84: seafood | D84: fish raw wild | E84: fish | F84: swordfish | G84: Seafood sheet | I84: 0 | J84: 0 | K84: 0 | L84: 0 | M84: =L84/1000 -> 0 | N84: =L84/1000 -> 0 | O84: 0.0145 | P84: sswordr | Q84: swordfish, raw | R84: 0 | S84: 0 | T84: 0 | U84: 0.0145
A85: 234 | B85: tuna steak, raw | C85: seafood | D85: fish raw wild | E85: fish | F85: tuna | G85: Seafood sheet: Gephart: "Could argue marine wild capture to be zero" | I85: 0 | J85: 0 | K85: 0.00033744563 | L85: 0 | M85: =L85/1000 -> 0 | N85: =L85/1000 -> 0 | O85: 0.004101815 | P85: stunasr | Q85: tuna steak, raw | R85: 0 | S85: 0 | T85: 0 | U85: 0.004101815 | W85: Fish | X85: =AVERAGE(R62:R85) -> 0.0022558557 | Y85: =AVERAGE(S62:S85) -> 0.00014178561 | Z85: =AVERAGE(T62:T85) -> 0.48611712 | AA85: =AVERAGE(U62:U85) -> 0.0082534586
A86: 83 | B86: blueberry | C86: fruit | D86: fruit berry | E86: fruits | F86: blueberry | G86: nur11.sas.dd: blueb11d = "FRUITS - Blueberries" | I86: 0.0020907198 | J86: 0.017024641 | K86: 0.00036304348 | L86: 419 | M86: =L86/1000 -> 0.419 | N86: =L86/1000 -> 0.419 | O86: 0.00091060574 | P86: fblue | Q86: blueberry | R86: 0.0020907198 | S86: 0.017024641 | T86: 0.419 | U86: 0.00091060574
A87: 85 | B87: cranberries | C87: fruit | D87: fruit berry | E87: fruits | F87: cranberries; cranberry juice | G87: Gidon Correspondence and Additional Calculations sheet | I87: 0.00082032589 | J87: 0.0036778523 | K87: 0.000108 | L87: 125 | M87: =L87/1000 -> 0.125 | N87: =L87/1000 -> 0.125 | O87: 0.001418 | P87: fcran | Q87: cranberries | R87: 0.00082032589 | S87: 0.0036778523 | T87: 0.125 | U87: 0.001418
A88: 104 | B88: raspberry | C88: fruit | D88: fruit berry | E88: fruits | F88: raspberry | G88: Additional Calculations | I88: 0.0024663841 | J88: 0.020360675 | K88: 5.4639175e-05 | L88: 2524 | M88: =L88/1000 -> 2.524 | N88: =L88/1000 -> 2.524 | O88: 0.00027273704 | P88: frasp | Q88: raspberry | R88: 0.0024663841 | S88: 0.020360675 | T88: 2.524 | U88: 0.00027273704
A89: 105 | B89: strawberry | C89: fruit | D89: fruit berry | E89: fruits | F89: strawberry | G89: Gidon MAD, M&H, foodemissions.com nur11.sas.dd: straw11d = "FRUITS - Strawberries" | I89: 0.00041847545 | J89: 0.0086483234 | K89: 0.00012528736 | L89: 1053 | M89: =L89/1000 -> 1.053 | N89: =L89/1000 -> 1.053 | O89: 0.00030408613 | P89: fstraw | Q89: strawberry | R89: 0.00041847545 | S89: 0.0086483234 | T89: 1.053 | U89: 0.00030408613
A90: 87 | B90: grapefruit | C90: fruit | D90: fruit citrus | E90: fruits | F90: grapefruit | G90: Gidon MAD, M&H, http://www.foodemissions.com/Calculator | I90: 0.0010883022 | J90: 0.015829361 | K90: 0.00018085106 | L90: 1666 | M90: =L90/1000 -> 1.666 | N90: =L90/1000 -> 1.666 | O90: 0.00081696189 | P90: fgrft | Q90: grapefruit | R90: 0.0010883022 | S90: 0.015829361 | T90: 1.666 | U90: 0.00081696189
A91: 93 | B91: orange | C91: fruit | D91: fruit citrus | E91: raw oranges | F91: raw oranges | G91: Gidon MAD; Additional calculations; http://www.foodemissions.com/Calculator | I91: 0.00096530647 | J91: 0.019624017 | K91: 0.00015714286 | L91: 962 | M91: =L91/1000 -> 0.962 | N91: =L91/1000 -> 0.962 | O91: 0.00067713464 | P91: for | Q91: orange | R91: 0.00096530647 | S91: 0.019624017 | T91: 0.962 | U91: 0.00067713464
A92: 88 | B92: grapes, green seedless grapes | C92: fruit | D92: fruit grape | E92: fruits | F92: grapes, red seedless grapes | G92: Additional Calculations | I92: 0.0011091959 | J92: 0.0054815712 | K92: 0.00010319149 | L92: 3465 | M92: =L92/1000 -> 3.465 | N92: =L92/1000 -> 3.465 | O92: 0.00061760631 | P92: fgrapg | Q92: grapes, green seedless grapes | R92: 0.0011091959 | S92: 0.0054815712 | T92: 3.465 | U92: 0.00061760631
A93: 90 | B93: grapes, red seedless grapes | C93: fruit | D93: fruit grape | E93: fruits | F93: grapes, green seedless grapes | G93: Gidon MAD; additional calculations | I93: 0.0011091959 | J93: 0.0054815712 | K93: 0.00010319149 | L93: 3465 | M93: =L93/1000 -> 3.465 | N93: =L93/1000 -> 3.465 | O93: 0.00038698117 | P93: fgrapr | Q93: grapes, red seedless grapes | R93: 0.0011091959 | S93: 0.0054815712 | T93: 3.465 | U93: 0.00038698117
A94: 91 | B94: grapes, red/green seedless grapes | C94: fruit | D94: fruit grape | E94: fruits | F94: grapes, green seedless grapes | G94: Gidon MAD; additional calculations | I94: 0.0011091959 | J94: 0.0054815712 | K94: 0.00010319149 | L94: 3465 | M94: =L94/1000 -> 3.465 | N94: =L94/1000 -> 3.465 | O94: 0.0005022937 | P94: fgraprg | Q94: grapes, red/green seedless grapes | R94: 0.0011091959 | S94: 0.0054815712 | T94: 3.465 | U94: 0.0005022937
A95: 84 | B95: cantaloupe | C95: fruit | D95: fruit melon | E95: fruits | F95: cantelope | G95: Gidon MAD; http://www.foodemissions.com/Calculator, Additional Research, FFQ variable names joint.xlsx description: "cant" | I95: 0.0058970014 | J95: 0.092947174 | K95: 5.3866777e-05 | L95: 3041 | M95: =L95/1000 -> 3.041 | N95: =L95/1000 -> 3.041 | O95: 0.00026455493 | P95: fcant | Q95: cantaloupe | R95: 0.0058970014 | S95: 0.092947174 | T95: 3.041 | U95: 0.00049
A96: 92 | B96: honeydew | C96: fruit | D96: fruit melon | P96: fhone | Q96: honeydew | R96: 0.020160025 | S96: 0.21058049 | T96: 3.366 | U96: 0.00013227747
A97: 107 | B97: watermelon | C97: fruit | D97: fruit melon | E97: watermelon | F97: watermelon | G97: Additional Calculations; Gidon MAD, M&H, http://www.foodemissions.com/Calculator | I97: 0.0011000494 | J97: 0.015073571 | K97: 5.4347826e-05 | L97: 1531 | M97: =L97/1000 -> 1.531 | N97: =L97/1000 -> 1.531 | O97: 0.00028755971 | P97: fwaterm | Q97: watermelon | R97: 0.0011000494 | S97: 0.015073571 | T97: 1.531 | U97: 0.001946
A98: 76 | B98: apple | C98: fruit | D98: fruit pome | E98: fruits | F98: apple | G98: Gidon MAD, Additonal Calculations | I98: 0.000536608 | J98: 0.0028929605 | K98: 0.000175 | L98: 594 | M98: =L98/1000 -> 0.594 | N98: =L98/1000 -> 0.594 | O98: 0.00026107342 | P98: fapp | Q98: apple | R98: 0.000536608 | S98: 0.0028929605 | T98: 0.594 | U98: 0.00026107342
A99: 99 | B99: pear | C99: fruit | D99: fruit pome | E99: fruits | F99: pear | G99: Gidon MAD, M&H, foodemissions.com/Calculator | I99: 0.00052339736 | J99: 0.0048498644 | K99: 0.00012051282 | L99: 1023 | M99: =L99/1000 -> 1.023 | N99: =L99/1000 -> 1.023 | O99: 0.00042396623 | P99: fpear | Q99: pear | R99: 0.00052339736 | S99: 0.0048498644 | T99: 1.023 | U99: 0.00042396623
A100: 79 | B100: apricot, raw | C100: fruit | D100: fruit stone | E100: fruit | F100: apricot | G100: Gidon MAD, M&H, http://www.foodemissions.com/Calculator | I100: 0.0014295206 | J100: 0.013486952 | K100: 0.00053404255 | L100: 6709 | M100: =L100/1000 -> 6.709 | N100: =L100/1000 -> 6.709 | O100: 0.00023453451 | P100: fapri | Q100: apricot, raw | R100: 0.0014295206 | S100: 0.013486952 | T100: 6.709 | U100: 0.00023453451
...

Sheet summary
F4: GHG | G4: water | H4: land | I4: N fertilizer | J4: calories | K4: protein
E5: =diets!V1 -> Mean American Diet | F5: =diets!AB47 -> 1620.3739 | G5: =diets!AA47 -> 1884982.2 | H5: =diets!Y47 -> 16238.054 | I5: =diets!Z47 -> 48733.304 | J5: =diets!U45 -> 2500.3896 | K5: =diets!X45 -> 105.88118
E6: =diets!AE1 -> UPF | F6: =diets!AL47 -> 747.61481 | G6: =diets!AK47 -> 987787.63 | H6: =diets!AI47 -> 6537.7529 | I6: =diets!AJ47 -> 28078.04 | J6: =diets!AE45 -> 1636.7656 | K6: =diets!AH45 -> 50.996617
E7: =diets!AP1 -> 0.8 g/kg | F7: =diets!AV47 -> 1253.3556 | G7: =diets!AU47 -> 1362294.9 | H7: =diets!AS47 -> 12576.134 | I7: =diets!AT47 -> 47734.202 | J7: =diets!AO45 -> 2499.6447 | K7: =diets!AR45 -> 67.285005
E8: =diets!AY1 -> 1.2 g/kg | F8: =diets!BF47 -> 1579.419 | G8: =diets!BE47 -> 1518270.9 | H8: =diets!BC47 -> 16646.023 | I8: =diets!BD47 -> 49705.243 | J8: =diets!AY45 -> 2499.6958 | K8: =diets!BB45 -> 100.84519
E9: =diets!BJ1 -> 1.6 g/kg | F9: =diets!BQ47 -> 1969.1245 | G9: =diets!BP47 -> 1760953.6 | H9: =diets!BN47 -> 21407.659 | I9: =diets!BO47 -> 52485.304 | J9: =diets!BJ45 -> 2499.5161 | K9: =diets!BM45 -> 134.26709
E10: =diets!BU1 -> 1.6 g/kg plants | F10: =diets!CB47 -> 1497.7793 | G10: =diets!CA47 -> 1415155.5 | H10: =diets!BY47 -> 16597.694 | I10: =diets!BZ47 -> 43883.535 | J10: =diets!BU45 -> 2499.6401 | K10: =diets!BX45 -> 134.37531
E11: =diets!CF1 -> 1.6 g/kg animal | F11: =diets!CM47 -> 1985.3614 | G11: =diets!CL47 -> 1637370.3 | H11: =diets!CJ47 -> 21199.248 | I11: =diets!CK47 -> 52751.03 | J11: =diets!CF45 -> 2500.1876 | K11: =diets!CI45 -> 134.21656
F14: =(F7-$F$5)/$F$5 -> -0.22650219 | G14: =(G7-$G$5)/$G$5 -> -0.2772903 | H14: =(H7-$H$5)/$H$5 -> -0.2255147 | I14: =(I7-$I$5)/$I$5 -> -0.020501425 | K14: Range
F15: =(F8-$F$5)/$F$5 -> -0.025274968 | G15: =(G8-$G$5)/$G$5 -> -0.1945436 | H15: =(H8-$H$5)/$H$5 -> 0.025124286 | I15: =(I8-$I$5)/$I$5 -> 0.019944038 | K15: =MIN(F15:F16,F18,H15:H16,H18,I15:I16,I18) -> -0.025274968 | L15: =MAX(F15:F16,F18,H15:H16,H18,I15:I16,I18) -> 0.31836364
F16: =(F9-$F$5)/$F$5 -> 0.21522847 | G16: =(G9-$G$5)/$G$5 -> -0.065798263 | H16: =(H9-$H$5)/$H$5 -> 0.31836364 | I16: =(I9-$I$5)/$I$5 -> 0.076990485
F17: =(F10-$F$5)/$F$5 -> -0.075658177 | G17: =(G10-$G$5)/$G$5 -> -0.24924727 | H17: =(H10-$H$5)/$H$5 -> 0.022147985 | I17: =(I10-$I$5)/$I$5 -> -0.099516526
F18: =(F11-$F$5)/$F$5 -> 0.22524894 | G18: =(G11-$G$5)/$G$5 -> -0.13136034 | H18: =(H11-$H$5)/$H$5 -> 0.30552887 | I18: =(I11-$I$5)/$I$5 -> 0.082443128

Sheet NOVA
AQ4: 78.357494 | BA4: 93.26441 | BL4: 112.90145 | BW4: 37 | CH4: 123.04638
AQ5: 102.33795 | BA5: 102.29128 | BL5: 102.31408 | BW5: 105.75 | CH5: 10
AQ6: 52.296281 | BA6: 59.788664 | BL6: 66.933481 | BW6: 37 | CH6: 72.373741
AQ7: 22.941714 | BA7: 45.350865 | BL7: 53.670006 | BW7: 101.94927 | CH7: 46.708247
AQ8: 21.795645 | BA8: 29.618707 | BL8: 26.679999 | BW8: 30.162043 | CH8: 15.270072
AQ9: 20.883377 | BA9: 37.102588 | BL9: 53.494668 | BW9: 37 | CH9: 63.28778
AQ10: 16.83978 | BA10: 39.410865 | BL10: 47.730006 | BW10: 96.009272 | CH10: 46.708247
AQ11: 10.425258 | BA11: 37.491719 | BL11: 58.028643 | BW11: 96.77 | CH11: 66.998422
AQ12: 15.069071 | BA12: 28.498492 | BL12: 51.578371 | BW12: 37 | CH12: 61.972764
AQ13: 39.068238 | BA13: 39.073038 | BL13: 39.156867 | BW13: 44.876371 | CH13: 10
AQ14: 27.850879 | BA14: 40.955752 | BL14: 51.498654 | BW14: 98.661128 | CH14: 37.501671
AQ16: 70.285772 | BA16: 29.991937 | BL16: 20.419618 | BW16: 15.43 | CH16: 19.940525
... AQ24: 69.419489 | BA24: 80.243609 | BL24: 95.9384 | BW24: 155.57 | CH24: 40.492016
